代码,TS代码,板块,简称,最新价,流通市值_亿,总市值_亿,PE_TTM,扣非PE,PB,PS_TTM,股息率_%,52周高点,距52周高点跌幅_%,已在Watchlist
000027,000027.SZ,深,深圳能源,6.15,292.58,292.58,14.6209,16.1387,0.8949,0.6711,2.6,8.48,27.48,否
000028,000028.SZ,深,国药一致,19.47,102.38,119.2,10.8819,11.2631,0.6424,0.1634,2.88,27.43,29.02,否
000049,000049.SZ,深,德赛电池,23.73,91.25,91.27,22.8186,27.5836,1.3362,0.3908,0.97,31.5,24.67,否
000060,000060.SZ,深,中金岭南,6.68,296.67,296.67,28.7377,29.1295,1.5036,0.4672,0.82,9.22,27.55,否
000061,000061.SZ,深,农产品,5.69,102.1,112.94,26.0818,50.4824,1.325,1.8013,1.05,10.86,47.61,否
000065,000065.SZ,深,北方国际,9.07,96.6,105.34,16.0362,15.7848,0.9547,0.8595,1.51,16.37,44.59,否
000100,000100.SZ,深,TCL科技,5.03,1011.78,1046.28,20.6748,33.8159,1.7204,0.5578,1.79,6.26,19.65,否
000156,000156.SZ,深,华数传媒,6.65,113.04,123.22,27.4746,41.9111,0.8117,1.3579,2.41,10.01,33.57,否
000157,000157.SZ,深,中联重科,6.96,492.05,601.94,13.8937,19.4327,1.0637,1.137,5.75,10.16,31.5,否
000338,000338.SZ,深,潍柴动力,29.16,1445.28,2519.49,22.2857,24.7861,2.7346,1.0635,2.51,36.34,19.76,否
000400,000400.SZ,深,许继电气,21.67,219.96,220.74,23.2556,24.3331,1.7855,1.4647,1.78,34.65,37.46,否
000403,000403.SZ,深,派林生物,10.63,100.0,101.03,28.6078,31.4463,1.2456,3.8844,0.0,19.13,44.43,否
000408,000408.SZ,深,藏格矿业,78.19,1226.72,1226.73,21.5586,20.6921,7.1336,30.9509,3.19,97.28,19.62,否
000411,000411.SZ,深,英特集团,9.67,54.51,54.62,11.3654,11.4446,1.0494,0.1614,3.66,14.36,32.66,否
000422,000422.SZ,深,湖北宜化,12.25,130.74,133.23,18.2746,31.4539,2.1743,0.4927,2.45,20.2,39.36,否
000423,000423.SZ,深,东阿阿胶,48.35,308.81,309.36,17.3659,18.5199,3.0453,4.5461,5.76,58.36,17.15,否
000425,000425.SZ,深,徐工机械,8.01,721.2,938.07,14.1999,14.2858,1.5548,0.9037,2.48,12.9,37.91,否
000426,000426.SZ,深,兴业银锡,40.88,725.7,725.88,27.2114,32.384,6.7053,11.1061,0.27,74.8,45.35,否
000513,000513.SZ,深,丽珠集团,29.26,166.24,259.8,15.5165,15.8328,2.1478,2.4172,4.89,43.46,32.67,否
000528,000528.SZ,深,柳工,8.05,163.78,164.0,10.526,12.0212,0.8922,0.4816,3.93,12.97,37.93,否
000531,000531.SZ,深,穗恒运A,5.6,50.95,58.32,14.632,28.5497,0.8455,1.4656,1.42,8.56,34.58,否
000537,000537.SZ,深,绿发电力,7.6,156.23,156.23,24.5865,21.9261,0.7949,3.0972,2.17,13.76,44.77,否
000538,000538.SZ,深,云南白药,49.33,874.59,880.18,16.7456,17.8089,2.2412,2.0982,5.27,60.69,18.72,否
000543,000543.SZ,深,皖能电力,7.39,167.52,167.52,7.7925,8.0087,1.0032,0.6231,5.13,10.09,26.76,否
000544,000544.SZ,深,中原环保,7.23,70.47,70.47,6.6246,7.0141,0.7706,1.266,3.73,9.56,24.37,否
000550,000550.SZ,深,江铃汽车,16.13,83.63,139.24,11.3947,16.464,1.204,0.346,3.41,22.5,28.31,否
000551,000551.SZ,深,创元科技,12.52,60.64,60.69,19.3611,21.2986,1.9815,1.3794,0.48,21.98,43.04,否
000567,000567.SZ,深,海德股份,5.93,115.55,115.91,16.3778,16.5727,1.9242,11.2552,0.0,8.39,29.32,否
000581,000581.SZ,深,威孚高科,17.29,137.27,167.16,15.3625,23.7995,0.8536,1.3717,4.63,26.0,33.5,否
000582,000582.SZ,深,北部湾港,10.91,235.31,274.61,25.7848,30.1501,1.3362,3.5927,1.45,15.46,29.43,否
000596,000596.SZ,深,古井贡酒,90.65,370.4,479.18,16.9551,17.2616,1.9697,2.797,4.85,177.01,48.79,否
000597,000597.SZ,深,东北制药,5.01,70.6,71.49,28.5522,35.9392,1.3052,1.0021,1.1,6.45,22.33,否
000600,000600.SZ,深,建投能源,7.95,86.66,143.36,7.0474,7.2342,1.1865,0.6379,4.03,13.07,39.17,否
000603,000603.SZ,深,盛达资源,36.61,244.08,252.6,29.6331,29.6582,6.7253,9.3317,0.33,73.59,50.25,否
000612,000612.SZ,深,焦作万方,11.13,132.58,132.69,9.3414,9.3001,1.813,1.9603,2.92,15.6,28.65,否
000617,000617.SZ,深,中油资本,6.98,882.42,882.42,19.1655,19.1417,0.8338,2.7378,1.46,13.69,49.01,否
000623,000623.SZ,深,吉林敖东,17.97,214.02,214.9,7.8306,8.3258,0.6901,9.6513,2.73,22.08,18.61,否
000625,000625.SZ,深,长安汽车,7.07,584.49,700.84,22.8061,31.0925,0.9216,0.4312,2.36,13.84,48.92,否
000650,000650.SZ,深,仁和药业,5.37,71.5,75.18,20.3579,26.5514,1.2036,2.0428,2.79,7.02,23.5,否
000672,000672.SZ,深,上峰材料,13.99,135.62,135.62,23.0011,32.3539,1.5715,3.0391,3.37,24.6,43.13,否
000680,000680.SZ,深,山推股份,10.19,133.95,152.86,11.5477,11.6769,2.2918,0.9618,1.94,13.75,25.89,否
000682,000682.SZ,深,东方电子,11.52,154.44,154.45,15.2551,20.5114,2.4706,1.7388,0.76,15.48,25.58,否
000683,000683.SZ,深,博源化工,6.05,201.98,224.87,21.7615,17.3293,1.8229,1.8448,4.96,10.0,39.5,否
000685,000685.SZ,深,中山公用,10.98,136.87,161.16,7.4676,7.8073,0.863,3.4726,3.51,14.79,25.76,否
000686,000686.SZ,深,东北证券,7.81,182.79,182.79,10.2398,10.4142,0.9102,3.2237,3.2,11.09,29.58,否
000700,000700.SZ,深,模塑科技,10.92,100.25,100.25,20.1631,22.5121,2.5286,1.4502,2.99,18.66,41.48,否
000719,000719.SZ,深,中原传媒,12.05,80.39,123.3,8.9551,9.1751,1.0537,1.3241,5.48,14.59,17.41,否
000728,000728.SZ,深,国元证券,7.04,307.21,307.21,13.1983,13.0841,0.7992,5.0715,2.56,10.13,30.5,否
000729,000729.SZ,深,燕京啤酒,11.41,286.35,321.6,16.2804,17.233,1.971,2.0346,3.51,14.56,21.63,否
000733,000733.SZ,深,振华科技,39.85,220.81,220.84,22.4699,24.3614,1.4202,3.8855,0.95,62.3,36.04,否
000737,000737.SZ,深,北方铜业,14.7,279.97,279.99,27.0645,27.2793,3.9057,0.8997,0.95,21.5,31.63,否
000739,000739.SZ,深,普洛药业,20.72,239.93,240.03,28.2386,32.2684,3.6545,2.6197,1.77,24.85,16.62,否
000758,000758.SZ,深,中色股份,6.07,120.35,120.78,24.7619,36.4918,1.9721,1.1199,0.91,9.53,36.31,否
000776,000776.SZ,深,广发证券,20.56,1213.87,1608.79,10.2786,9.9093,1.2019,4.0286,2.9,25.43,19.15,否
000783,000783.SZ,深,长江证券,8.6,475.59,475.59,11.3151,11.1136,1.3521,4.1716,3.49,10.73,19.85,否
000786,000786.SZ,深,北新建材,16.98,286.88,289.04,12.2876,13.1041,1.0567,1.1868,4.03,29.82,43.06,否
000791,000791.SZ,深,甘肃能源,7.2,139.37,233.56,11.3031,11.3816,1.54,2.5102,3.19,10.91,34.01,否
000792,000792.SZ,深,盐湖股份,28.81,1524.49,1524.5,14.7185,15.0187,3.4109,8.1029,0.0,41.6,30.75,否
000807,000807.SZ,深,云铝股份,25.88,897.5,897.51,10.3397,10.4561,2.6137,1.4472,2.7,38.23,32.3,否
000828,000828.SZ,深,东莞控股,9.49,98.65,98.65,11.7228,11.6181,0.951,6.6352,5.01,12.59,24.62,否
000830,000830.SZ,深,鲁西化工,11.91,226.79,226.8,24.3416,31.6449,1.1932,0.783,1.68,21.8,45.37,否
000858,000858.SZ,深,五粮液,71.19,2763.25,2763.32,21.9299,22.2233,2.342,5.9708,7.24,131.85,46.01,否
000878,000878.SZ,深,云南铜业,16.58,332.2,402.1,28.3724,37.1881,2.2501,0.2065,1.39,29.47,43.74,否
000885,000885.SZ,深,城发环境,12.3,78.98,78.98,6.4854,8.5018,0.8054,1.1935,3.14,15.98,23.03,否
000887,000887.SZ,深,中鼎股份,22.41,294.55,295.03,19.5528,27.4351,2.0408,1.5266,0.89,26.68,16.0,否
000888,000888.SZ,深,峨眉山A,9.77,51.48,51.48,23.3639,23.1932,1.9457,5.5475,2.35,15.5,36.97,否
000893,000893.SZ,深,亚钾国际,47.37,384.55,437.72,24.042,21.8703,3.1733,7.816,0.23,71.58,33.82,否
000895,000895.SZ,深,双汇发展,24.9,862.59,862.7,16.4038,16.7382,4.3383,1.4435,5.82,29.61,15.91,否
000899,000899.SZ,深,赣能股份,9.96,97.18,97.18,11.8627,11.9687,1.759,1.1498,5.69,16.15,38.33,否
000902,000902.SZ,深,新洋丰,13.62,155.65,170.89,10.5365,10.8308,1.3647,0.8574,2.2,19.45,29.97,否
000913,000913.SZ,深,钱江摩托,11.24,58.46,59.17,6.9486,32.4443,1.1803,1.1595,9.79,19.4,42.06,否
000915,000915.SZ,深,华特达因,23.7,55.49,55.54,13.1907,14.2376,2.1232,2.9134,8.44,36.7,35.42,否
000920,000920.SZ,深,沃顿科技,11.5,54.35,54.35,23.7563,24.1826,2.686,2.6816,1.99,16.6,30.72,否
000921,000921.SZ,深,海信家电,25.0,230.94,346.22,12.5077,17.6666,1.9832,0.4056,5.06,31.8,21.38,否
000923,000923.SZ,深,河钢资源,15.19,95.38,99.15,21.3678,21.4241,1.0273,1.7993,3.95,26.98,43.7,否
000933,000933.SZ,深,神火股份,25.78,579.42,579.79,8.4244,8.4635,2.0947,1.2714,3.08,39.48,34.7,否
000950,000950.SZ,深,重药控股,5.48,93.86,93.86,21.7164,23.3481,0.8017,0.1141,1.09,7.41,26.05,否
000951,000951.SZ,深,中国重汽,21.17,247.48,247.48,13.6719,14.5409,1.5439,0.3838,3.91,26.85,21.15,否
000957,000957.SZ,深,中通客车,10.27,60.89,60.89,15.9137,17.3307,1.9037,0.8209,0.96,12.98,20.88,否
000958,000958.SZ,深,电投产融,5.25,282.63,961.62,23.193,59.7586,1.9106,7.0187,0.62,7.5,30.0,否
000960,000960.SZ,深,锡业股份,37.1,610.46,610.46,25.3518,19.9441,2.8436,1.1302,0.97,48.8,23.98,否
000963,000963.SZ,深,华东医药,28.1,492.6,492.8,14.0727,14.4778,1.9939,1.1185,3.31,47.36,40.67,否
000968,000968.SZ,深,蓝焰控股,7.17,69.37,69.37,23.2826,27.117,1.0931,3.4226,0.7,12.18,41.13,否
000975,000975.SZ,深,山金国际,28.58,721.13,792.39,20.8941,20.7524,4.9772,4.5248,1.68,42.29,32.42,否
000987,000987.SZ,深,越秀资本,7.43,372.49,372.77,8.9616,16.7798,1.1419,5.6147,2.95,12.24,39.3,否
000989,000989.SZ,深,九芝堂,9.04,66.38,77.38,23.5182,27.0276,2.1038,2.9795,3.28,12.93,30.09,否
000997,000997.SZ,深,新大陆,18.42,185.57,186.61,19.023,18.6744,2.5605,1.9851,1.34,31.6,41.71,否
001286,001286.SZ,深,陕西能源,9.51,128.38,356.62,11.794,11.8196,1.3435,1.4981,4.31,13.79,31.04,否
001287,001287.SZ,深,中电港,22.97,174.55,174.55,28.3187,26.1152,3.0018,0.1654,0.51,32.64,29.63,否
001301,001301.SZ,深,尚太科技,63.2,164.38,230.44,26.6009,25.9079,3.2029,2.5421,0.9,109.7,42.39,否
001308,001308.SZ,深,康冠科技,17.9,87.22,126.03,28.2508,30.9685,1.6485,0.8503,5.36,26.26,31.84,否
001309,001309.SZ,深,德明利,415.12,685.07,941.67,22.9474,23.0972,14.4149,5.5148,0.1,980.0,57.64,否
001323,001323.SZ,深,慕思股份,18.4,57.27,80.05,15.8254,22.6609,1.9191,1.5126,7.84,33.45,44.99,否
001696,001696.SZ,深,宗申动力,15.3,136.38,175.19,28.6806,31.6855,3.2875,1.4335,1.31,28.0,45.36,否
001914,001914.SZ,深,招商积余,8.67,91.36,91.36,13.668,14.7009,0.8551,0.4666,3.0,13.59,36.2,否
001965,001965.SZ,深,招商公路,9.17,623.11,623.11,13.458,13.6937,0.9222,4.4147,4.07,11.74,21.89,否
002001,002001.SZ,深,新和成,27.82,844.85,855.03,11.9224,12.2526,2.4513,3.5215,3.59,40.19,30.78,否
002007,002007.SZ,深,华兰生物,13.17,207.24,240.44,28.0363,27.8336,2.2248,5.3557,7.6,18.39,28.38,否
002011,002011.SZ,深,盾安环境,9.88,104.88,106.16,10.0482,10.8447,1.5804,0.8122,1.01,15.55,36.46,否
002014,002014.SZ,深,永新股份,10.86,66.3,66.52,15.1546,16.2491,2.6658,1.6992,4.97,12.88,15.68,否
002020,002020.SZ,深,京新药业,13.18,95.42,113.48,14.9342,15.7453,1.9544,2.8116,2.53,22.62,41.73,否
002029,002029.SZ,深,七匹狼,8.75,58.22,61.69,26.4797,48.7404,0.9173,2.026,1.09,14.85,41.08,否
002034,002034.SZ,深,旺能环境,13.66,70.29,70.58,9.78,9.6577,0.9683,2.2019,1.2,23.8,42.61,否
002039,002039.SZ,深,黔源电力,19.06,81.49,81.49,11.5454,11.5961,1.8043,2.3188,2.57,23.29,18.16,否
002043,002043.SZ,深,兔宝宝,13.15,106.0,109.11,16.0049,25.7458,3.3165,1.1467,3.25,18.18,27.67,否
002056,002056.SZ,深,横店东磁,21.53,349.87,350.23,19.6812,23.3272,3.3019,1.5232,3.79,33.73,36.17,否
002064,002064.SZ,深,华峰化学,11.7,579.38,580.62,20.3224,20.4013,2.0176,2.2137,0.85,13.98,16.31,否
002073,002073.SZ,深,软控股份,5.94,60.23,60.85,15.4868,18.7217,0.9423,0.689,0.67,9.32,36.27,否
002074,002074.SZ,深,国轩高科,26.86,466.49,487.44,21.1585,106.4212,1.6955,1.0214,0.37,49.83,46.1,否
002078,002078.SZ,深,太阳纸业,13.67,379.56,390.17,11.9284,12.2125,1.256,0.9909,2.15,17.68,22.68,否
002083,002083.SZ,深,孚日股份,10.53,99.65,99.68,17.0187,16.8689,2.0613,1.7991,2.73,14.75,28.61,否
002085,002085.SZ,深,万丰奥威,10.23,217.21,217.21,22.7401,25.5437,2.884,1.368,1.47,19.64,47.91,否
002091,002091.SZ,深,江苏国泰,7.7,123.38,125.34,10.2898,14.0708,0.8254,0.3084,6.1,11.1,30.63,否
002096,002096.SZ,深,易普力,9.22,114.37,114.37,15.562,17.2761,1.4649,1.1832,2.78,15.26,39.58,否
002101,002101.SZ,深,广东鸿图,8.55,56.62,56.67,18.2745,19.8828,0.7269,0.6255,2.95,14.86,42.46,否
002120,002120.SZ,深,韵达股份,6.6,185.8,191.35,14.3079,14.8132,0.9243,0.369,3.02,9.06,27.15,否
002125,002125.SZ,深,湘潭电化,12.7,79.95,79.95,24.6431,25.1765,2.3556,4.0651,0.91,20.86,39.12,否
002128,002128.SZ,深,电投能源,27.12,607.91,847.9,14.4665,14.9158,1.6448,2.736,3.44,35.08,22.69,否
002130,002130.SZ,深,沃尔核材,16.29,186.44,228.04,20.2746,21.2421,2.5566,2.6141,1.01,34.97,53.42,否
002140,002140.SZ,深,东华科技,9.09,64.26,64.36,11.6059,14.7171,1.3485,0.6505,2.2,15.52,41.43,否
002152,002152.SZ,深,广电运通,9.59,238.04,238.16,28.1342,30.4186,1.9494,1.9654,3.86,15.08,36.41,否
002158,002158.SZ,深,汉钟精机,26.35,140.59,140.9,29.8123,32.82,3.3386,4.6827,1.71,40.79,35.4,否
002164,002164.SZ,深,宁波东力,11.12,53.35,59.18,27.073,89.6417,3.8404,3.9092,0.0,18.58,40.15,否
002170,002170.SZ,深,芭田股份,11.23,88.59,108.98,10.7431,10.7906,3.1172,2.0669,6.5,15.15,25.87,否
002192,002192.SZ,深,融捷股份,72.51,187.89,188.28,15.7559,15.8971,4.1403,9.134,0.3,115.0,36.95,否
002202,002202.SZ,深,金风科技,19.19,645.46,810.55,26.0349,27.2274,2.0826,1.0255,1.04,37.03,48.18,否
002204,002204.SZ,深,大连重工,5.16,99.66,99.66,16.2816,23.3243,1.2677,0.6206,1.82,8.28,37.68,否
002206,002206.SZ,深,海利得,5.21,55.07,60.54,12.1616,11.9237,1.555,1.0638,3.82,7.57,31.18,否
002215,002215.SZ,深,诺普信,9.2,74.34,92.39,12.0473,14.122,2.0151,1.5226,3.26,13.75,33.09,否
002216,002216.SZ,深,三全食品,12.34,77.8,108.49,17.9171,26.8007,2.4808,1.6012,4.64,15.06,18.06,否
002223,002223.SZ,深,鱼跃医疗,25.47,240.0,255.33,22.7587,25.128,2.0057,3.2463,4.71,46.31,45.0,否
002226,002226.SZ,深,江南化工,5.0,132.45,132.45,17.7542,21.0104,1.399,1.3048,1.76,7.2,30.56,否
002233,002233.SZ,深,塔牌集团,7.05,82.74,82.78,19.7987,29.024,0.7065,2.1828,8.64,10.33,31.75,否
002236,002236.SZ,深,大华股份,16.11,385.21,526.68,13.9876,18.3008,1.3471,1.537,5.32,21.96,26.64,否
002237,002237.SZ,深,恒邦股份,15.45,184.22,220.93,22.0673,30.1678,1.6086,0.168,0.87,23.56,34.42,否
002241,002241.SZ,深,歌尔股份,23.4,736.08,831.22,20.8361,53.2144,2.1871,0.8392,1.47,40.68,42.48,否
002244,002244.SZ,深,滨江集团,9.16,252.59,285.01,14.6068,14.9567,0.9478,0.3911,0.74,12.8,28.44,否
002246,002246.SZ,深,北化股份,20.15,110.63,110.63,28.9922,31.5901,3.3901,3.7427,0.3,27.8,27.52,否
002249,002249.SZ,深,大洋电机,7.07,131.77,174.42,15.8958,18.1356,1.8046,1.4417,4.16,13.45,47.43,否
002258,002258.SZ,深,利尔化学,14.59,116.6,116.78,26.4946,26.671,1.4884,1.2647,2.74,18.05,19.17,否
002262,002262.SZ,深,恩华药业,21.95,193.99,222.97,20.3153,20.1899,2.657,3.6436,1.82,29.3,25.09,否
002267,002267.SZ,深,陕天然气,6.97,77.51,77.51,15.6191,15.8765,1.1404,0.9447,2.87,9.57,27.17,否
002275,002275.SZ,深,桂林三金,13.23,73.7,77.74,19.1009,20.0684,2.5174,3.8559,3.78,17.38,23.88,否
002283,002283.SZ,深,天润工业,8.83,88.55,100.61,24.257,26.5972,1.6774,2.3208,3.01,13.24,33.31,否
002284,002284.SZ,深,亚太股份,9.33,68.31,68.96,12.3641,13.6189,1.9411,1.1962,1.07,18.66,50.0,否
002287,002287.SZ,深,奇正藏药,19.86,113.39,113.62,17.1811,23.162,2.3353,5.1206,3.19,38.16,47.96,否
002299,002299.SZ,深,圣农发展,16.0,194.98,198.84,20.4508,20.0238,1.7317,0.9031,3.11,19.99,19.96,否
002311,002311.SZ,深,海大集团,45.79,757.55,758.11,19.5134,21.2443,3.2095,0.575,2.83,68.48,33.13,否
002315,002315.SZ,深,焦点科技,25.87,68.02,106.69,21.7938,22.2815,4.0184,5.3604,3.87,63.47,59.24,否
002332,002332.SZ,深,仙琚制药,8.44,83.1,83.49,20.8961,28.3336,1.4196,2.2754,3.55,11.79,28.41,否
002340,002340.SZ,深,格林美,6.52,330.95,332.67,20.9032,23.8283,1.5592,0.8846,1.45,10.18,35.95,否
002345,002345.SZ,深,潮宏基,9.97,86.46,88.58,15.4957,14.9264,2.3865,0.9262,4.51,17.68,43.61,否
002346,002346.SZ,深,柘中股份,23.07,101.87,101.87,17.0012,83.3043,3.3878,11.4371,2.06,27.48,16.05,否
002349,002349.SZ,深,精华制药,6.92,56.34,57.51,25.7983,27.1807,2.0917,3.8961,1.3,8.45,18.11,否
002351,002351.SZ,深,漫步者,9.87,52.06,87.75,19.8507,21.8731,2.9277,3.2354,2.01,14.99,34.16,否
002372,002372.SZ,深,伟星新材,8.28,121.72,131.82,15.3322,20.8696,2.7941,2.5345,4.17,12.72,34.91,否
002379,002379.SZ,深,宏桥控股,18.23,207.16,2375.57,7.0645,15.536,4.3484,0.9825,1.37,33.44,45.48,否
002392,002392.SZ,深,北京利尔,7.53,87.16,89.64,22.1394,38.9852,1.5158,1.2492,0.46,11.33,33.54,否
002423,002423.SZ,深,中粮资本,8.97,206.68,206.68,20.4404,20.506,0.879,2.1241,1.65,15.3,41.37,否
002430,002430.SZ,深,杭氧股份,23.18,226.69,226.78,22.9565,24.1562,2.3197,1.4618,1.73,34.73,33.26,否
002432,002432.SZ,深,九安医疗,70.7,302.67,329.39,14.3586,13.6849,1.5741,28.3936,2.1,94.94,25.53,否
002438,002438.SZ,深,江苏神通,13.85,64.94,70.29,24.6163,25.268,1.8647,3.397,1.44,20.27,31.67,否
002440,002440.SZ,深,闰土股份,12.3,116.4,138.25,17.1679,29.8555,1.3961,2.2539,1.6,16.45,25.23,否
002444,002444.SZ,深,巨星科技,29.41,337.25,351.3,13.699,14.8306,1.8841,2.3764,2.21,39.18,24.94,否
002448,002448.SZ,深,中原内配,12.76,74.07,75.08,15.1178,18.1507,1.9672,1.8033,1.57,17.97,28.99,否
002452,002452.SZ,深,长高电气,11.22,57.81,69.6,19.027,26.019,2.5607,4.2917,1.07,13.86,19.05,否
002458,002458.SZ,深,益生股份,8.89,85.91,127.23,27.2534,26.9113,2.8738,3.8232,1.66,12.11,26.59,否
002460,002460.SZ,深,赣锋锂业,54.12,655.51,1134.73,29.8136,88.9566,2.4591,3.9807,0.28,91.67,40.96,否
002461,002461.SZ,深,珠江啤酒,8.48,187.69,187.69,20.2711,22.0929,1.7386,3.1547,2.24,10.93,22.42,否
002468,002468.SZ,深,申通快递,14.19,209.49,217.22,13.6515,13.3347,1.9323,0.3665,0.7,20.07,29.3,否
002475,002475.SZ,深,立讯精密,54.65,4003.15,4228.72,24.563,29.0923,4.8427,1.1931,0.52,81.78,33.17,否
002487,002487.SZ,深,大金重工,39.18,247.19,289.97,25.0543,26.3031,2.0162,4.4035,0.42,94.18,58.4,否
002497,002497.SZ,深,雅化集团,19.48,206.21,224.52,25.2627,22.8743,2.0477,2.2825,0.31,32.0,39.12,否
002500,002500.SZ,深,山西证券,5.22,187.39,187.39,20.1511,21.4062,1.0149,5.5431,2.49,6.92,24.57,否
002507,002507.SZ,深,涪陵榨菜,11.19,128.38,129.12,16.8079,18.3586,1.4725,5.2222,3.75,13.93,19.67,否
002508,002508.SZ,深,老板电器,16.18,151.05,152.89,12.5064,13.7875,1.349,1.5285,6.18,22.5,28.09,否
002511,002511.SZ,深,中顺洁柔,7.03,88.93,90.06,22.8655,23.1131,1.6267,1.0165,0.58,9.25,24.0,否
002517,002517.SZ,深,恺英网络,16.62,313.97,355.08,16.3928,18.9635,3.501,5.7332,0.6,30.5,45.51,否
002532,002532.SZ,深,天山铝业,12.67,520.34,586.46,8.4858,8.6688,1.8265,1.8509,5.07,21.88,42.09,否
002533,002533.SZ,深,金杯电工,11.22,72.5,82.35,13.2703,15.6219,1.8457,0.3604,3.98,16.6,32.41,否
002534,002534.SZ,深,西子洁能,15.38,126.94,128.57,29.0156,52.6728,2.3025,2.0993,0.65,22.49,31.61,否
002537,002537.SZ,深,海联金汇,5.76,67.43,67.62,22.409,35.6348,1.5405,1.0323,0.0,11.76,51.02,否
002539,002539.SZ,深,云图控股,12.85,114.34,155.19,17.6984,19.1714,1.6382,0.7122,1.56,17.27,25.59,否
002541,002541.SZ,深,鸿路钢构,20.18,100.13,139.25,21.6826,30.3168,1.441,0.619,1.38,25.25,20.08,否
002545,002545.SZ,深,东方铁塔,17.42,196.87,216.72,15.4548,15.91,2.2018,4.0562,1.72,30.9,43.62,否
002546,002546.SZ,深,新联电子,7.97,63.86,66.47,7.8826,53.231,1.6026,9.2423,1.51,12.4,35.73,否
002550,002550.SZ,深,千红制药,6.73,64.18,86.13,29.3389,37.9758,3.1455,5.8677,2.2,11.97,43.78,否
002555,002555.SZ,深,三七互娱,18.59,295.09,411.25,12.7546,14.0902,3.1264,2.6631,5.51,31.01,40.05,否
002557,002557.SZ,深,洽洽食品,18.55,93.54,93.84,22.9171,27.5493,1.8927,1.2988,5.29,25.99,28.63,否
002558,002558.SZ,深,巨人网络,26.13,496.62,496.62,19.9681,17.8726,3.1124,7.4656,1.3,53.35,51.02,否
002568,002568.SZ,深,百润股份,18.15,138.32,189.05,25.9967,26.9569,3.7869,6.0739,1.65,29.38,38.22,否
002572,002572.SZ,深,索菲亚,8.09,52.7,77.91,9.1579,9.737,1.1816,0.8805,9.89,15.36,47.33,否
002594,002594.SZ,深,比亚迪,90.47,3154.34,8248.33,29.941,32.4461,3.6074,1.0523,0.4,116.59,22.4,否
002595,002595.SZ,深,豪迈科技,48.42,557.79,561.67,23.5108,24.8283,4.7869,4.898,1.42,101.5,52.3,否
002602,002602.SZ,深,世纪华通,13.82,939.32,1018.63,16.2136,16.2459,3.154,2.4988,0.43,22.49,38.55,否
002603,002603.SZ,深,以岭药业,16.45,226.44,274.83,20.0698,21.0822,2.6018,3.4735,4.86,21.58,23.77,否
002605,002605.SZ,深,姚记科技,17.48,59.12,72.99,15.6557,17.0948,1.9806,2.7042,2.86,31.14,43.87,否
002606,002606.SZ,深,大连电瓷,13.65,57.51,59.93,23.8646,26.0707,3.0687,3.0333,0.36,18.13,24.71,否
002608,002608.SZ,深,江苏国信,6.97,263.33,263.33,8.0893,8.0181,0.7136,0.7012,2.58,11.13,37.38,否
002637,002637.SZ,深,赞宇科技,11.53,50.2,54.24,27.004,25.9686,1.458,0.4212,1.0,17.16,32.81,否
002668,002668.SZ,深,TCL智家,9.25,100.28,100.28,10.0637,10.2658,2.6195,0.5281,2.2,11.66,20.67,否
002673,002673.SZ,深,西部证券,6.46,288.73,288.73,16.5265,16.7157,0.9585,4.6625,1.86,9.79,34.01,否
002683,002683.SZ,深,广东宏大,29.79,198.57,226.37,23.4058,23.6845,3.3848,1.075,2.16,55.0,45.84,否
002690,002690.SZ,深,美亚光电,15.32,66.45,135.16,18.6005,19.3456,5.6119,5.5927,4.57,22.8,32.81,否
002698,002698.SZ,深,博实股份,12.72,107.37,130.07,26.4312,28.3968,3.2766,4.8099,1.97,18.97,32.95,否
002705,002705.SZ,深,新宝股份,11.2,90.45,90.93,10.9384,11.2699,1.0779,0.5757,3.98,19.68,43.09,否
002709,002709.SZ,深,天赐材料,37.96,572.82,773.84,19.5663,19.6776,3.8151,3.1805,1.05,64.98,41.58,否
002734,002734.SZ,深,利民股份,14.58,63.54,69.38,14.3081,14.5948,1.7234,1.5287,3.06,23.63,38.3,否
002736,002736.SZ,深,国信证券,9.82,943.94,1005.74,9.2707,9.29,1.04,4.229,4.58,16.22,39.46,否
002752,002752.SZ,深,昇兴股份,5.94,57.95,58.03,15.8643,16.854,1.6183,0.7795,1.68,9.57,37.93,否
002756,002756.SZ,深,永兴材料,47.69,184.6,257.1,26.8065,29.3886,1.9805,3.1883,1.44,89.88,46.94,否
002759,002759.SZ,深,ST天际,18.47,92.54,92.61,25.6936,27.3408,2.6344,2.2315,0.0,55.98,67.01,否
002768,002768.SZ,深,国恩股份,65.21,164.5,284.71,28.8498,29.1599,4.2205,1.2815,0.53,80.77,19.26,否
002773,002773.SZ,深,康弘药业,21.11,144.98,194.49,18.1695,18.8433,2.1702,4.3875,3.32,47.37,55.44,否
002782,002782.SZ,深,可立克,15.34,75.15,76.06,29.817,34.2102,3.5515,1.3504,1.3,31.23,50.88,否
002797,002797.SZ,深,第一创业,6.32,265.59,265.59,28.8489,28.6144,1.5287,6.8586,1.3,8.68,27.19,否
002803,002803.SZ,深,吉宏股份,18.53,55.14,84.85,26.8152,30.6977,3.0589,1.1746,1.71,28.0,33.82,否
002831,002831.SZ,深,裕同科技,25.53,182.34,328.91,20.5949,21.5115,2.8357,1.8977,3.42,47.5,46.25,否
002833,002833.SZ,深,弘亚数控,18.2,53.34,78.09,17.6047,19.0815,2.8573,3.0543,4.89,22.52,19.18,否
002847,002847.SZ,深,盐津铺子,44.29,108.0,119.67,14.9399,15.5227,5.6975,2.031,3.17,80.33,44.86,否
002850,002850.SZ,深,科达利,183.82,385.4,526.34,27.1633,27.282,3.4812,2.9608,1.31,237.77,22.69,否
002867,002867.SZ,深,周大生,12.31,132.84,133.62,11.6749,12.1376,2.2015,1.6505,7.31,14.89,17.33,否
002891,002891.SZ,深,中宠股份,29.25,94.16,94.16,27.128,28.485,2.8341,1.6654,1.19,62.98,53.56,否
002895,002895.SZ,深,川恒股份,33.7,201.98,204.18,15.897,15.9083,2.7596,2.2622,5.34,46.02,26.77,否
002901,002901.SZ,深,大博医疗,44.21,127.51,183.04,28.462,35.5746,5.257,6.7993,1.33,66.5,33.52,否
002911,002911.SZ,深,佛燃能源,10.71,135.7,139.03,13.2346,13.451,3.4148,0.4438,4.86,17.8,39.83,否
002920,002920.SZ,深,德赛西威,86.42,515.6,515.76,20.8332,20.7431,3.2092,1.5718,1.44,154.17,43.94,否
002925,002925.SZ,深,盈趣科技,22.36,163.46,172.55,22.201,75.0794,3.4125,3.5486,1.02,26.55,15.78,否
002926,002926.SZ,深,华西证券,8.21,215.51,215.51,13.789,13.7036,0.8695,4.5894,2.55,11.28,27.22,否
002928,002928.SZ,深,华夏航空,6.15,78.61,78.61,11.5951,11.5251,1.9752,1.0473,0.0,12.48,50.72,否
002939,002939.SZ,深,长城证券,7.93,285.69,319.93,13.5157,13.4878,0.9954,6.1573,2.47,14.07,43.64,否
002941,002941.SZ,深,新疆交建,10.29,75.09,75.09,16.1849,19.9211,1.6534,0.789,1.94,21.61,52.38,否
002946,002946.SZ,深,新乳业,15.58,132.54,134.09,17.0973,16.2697,3.8356,1.171,2.89,20.2,22.87,否
002947,002947.SZ,深,恒铭达,57.2,113.43,146.3,25.439,26.4423,4.7039,5.0054,0.85,105.0,45.52,否
002956,002956.SZ,深,西麦食品,16.95,52.97,52.98,22.2182,23.4844,3.2194,2.1252,2.27,34.93,51.47,否
002960,002960.SZ,深,青鸟智控,8.44,81.74,88.94,29.6713,36.0678,1.4318,1.947,1.94,14.19,40.52,否
002961,002961.SZ,深,瑞达期货,18.63,88.85,88.85,13.2715,13.4691,2.2218,7.151,2.14,32.28,42.29,否
002967,002967.SZ,深,广电计量,17.23,104.05,110.21,24.5435,27.1705,2.2319,2.8919,1.99,26.66,35.37,否
002970,002970.SZ,深,锐明技术,50.46,63.77,92.81,28.5215,29.6552,4.5783,3.6831,1.96,84.94,40.59,否
002978,002978.SZ,深,安宁股份,26.11,96.42,123.24,19.1778,18.9384,1.4273,6.2869,1.15,43.4,39.84,否
002984,002984.SZ,深,森麒麟,14.0,99.95,145.08,14.9061,16.0013,1.0764,1.6795,2.5,23.09,39.37,否
002997,002997.SZ,深,瑞鹄模具,28.16,58.94,58.94,14.5264,15.4684,2.2238,1.6856,2.13,43.85,35.78,否
003006,003006.SZ,深,百亚股份,13.6,58.29,58.43,29.3757,31.9285,4.6109,1.6236,2.94,32.5,58.15,否
003039,003039.SZ,深,顺控发展,11.9,73.48,73.48,23.2179,23.447,2.5963,3.2423,1.94,18.73,36.47,否
300002,300002.SZ,创,神州泰岳,7.95,146.82,156.39,21.3087,20.5097,2.0318,2.6514,0.75,15.95,50.16,否
300003,300003.SZ,创,乐普医疗,12.17,192.15,224.34,29.1147,33.9373,1.3936,3.5455,2.67,21.6,43.66,否
300009,300009.SZ,创,安科生物,8.97,110.35,149.86,21.6008,23.7679,3.4644,5.8552,2.79,13.06,31.32,否
300012,300012.SZ,创,华测检测,15.13,216.65,254.61,22.8799,24.4897,3.1455,3.5911,1.32,17.97,15.8,否
300014,300014.SZ,创,亿纬锂能,55.79,1178.83,1212.48,20.796,27.6178,2.4169,1.535,0.83,94.44,40.93,否
300015,300015.SZ,创,爱尔眼科,8.33,662.83,774.65,22.9794,23.788,3.5023,3.4091,2.16,13.95,40.29,否
300019,300019.SZ,创,硅宝科技,14.54,53.6,57.16,26.5001,27.9179,2.2294,1.4904,2.06,26.65,45.44,否
300035,300035.SZ,创,中科电气,13.85,80.79,94.93,23.7249,25.3908,1.9511,1.0385,1.81,28.8,51.91,否
300039,300039.SZ,创,上海凯宝,5.54,50.8,57.95,22.3603,23.5208,1.2677,5.5974,2.35,7.03,21.19,否
300041,300041.SZ,创,回天新材,10.84,59.02,60.64,24.7557,32.3678,1.9963,1.3088,1.38,17.11,36.65,否
300059,300059.SZ,创,东方财富,18.91,2525.11,2991.98,20.519,21.1764,3.0822,15.1748,0.53,29.36,35.59,否
300073,300073.SZ,创,当升科技,41.31,209.02,224.85,28.1572,34.7131,1.5182,1.7307,0.69,76.11,45.72,否
300100,300100.SZ,创,双林股份,20.78,115.99,120.32,28.092,30.5197,3.6865,2.249,0.48,52.15,60.15,否
300113,300113.SZ,创,顺网科技,16.69,84.96,112.52,26.4962,35.8724,4.408,7.7553,1.08,31.88,47.65,否
300119,300119.SZ,创,瑞普生物,17.92,59.79,83.28,21.2293,27.17,1.7991,2.4474,2.18,24.03,25.43,否
300130,300130.SZ,创,新国都,18.25,79.24,103.53,24.7059,27.9315,2.3815,3.0947,3.29,35.37,48.4,否
300140,300140.SZ,创,节能环境,5.38,166.53,166.73,18.2486,17.4148,1.1538,2.8217,2.23,8.45,36.33,否
300144,300144.SZ,创,宋城演艺,5.97,155.06,155.75,20.3553,21.3542,2.3617,7.2782,4.19,9.97,40.12,否
300146,300146.SZ,创,汤臣倍健,9.72,108.94,164.43,25.3455,29.9564,1.5121,2.5674,4.58,13.2,26.36,否
300181,300181.SZ,创,佐力药业,14.15,85.31,99.25,15.2599,15.6329,3.1192,3.187,2.44,21.07,32.84,否
300226,300226.SZ,创,上海钢联,15.73,57.84,60.16,27.4783,45.783,2.6371,0.0804,0.58,33.46,52.99,否
300304,300304.SZ,创,云意电气,11.86,101.11,104.15,25.2406,29.9317,2.9919,4.352,0.67,20.66,42.59,否
300358,300358.SZ,创,楚天科技,9.0,63.44,64.36,19.4427,27.2285,1.1658,1.1117,0.78,13.69,34.26,否
300360,300360.SZ,创,炬华科技,11.71,58.58,60.21,12.3581,14.5056,1.4697,3.884,5.12,21.28,44.97,否
300390,300390.SZ,创,天华新能,65.47,465.81,543.89,19.0828,20.7802,3.9632,4.5816,0.0,119.06,45.01,否
300409,300409.SZ,创,道氏技术,18.38,127.96,143.78,25.3766,25.8804,1.7797,1.5466,1.34,37.38,50.83,否
300415,300415.SZ,创,伊之密,19.8,89.71,92.78,13.0424,13.234,2.9763,1.5067,2.98,29.79,33.53,否
300416,300416.SZ,创,苏试试验,14.7,74.25,74.76,27.7285,28.8791,2.6487,3.2,1.02,22.96,35.98,否
300428,300428.SZ,创,立中集团,18.24,108.85,125.05,13.5541,14.7334,1.4184,0.3745,2.14,27.19,32.92,否
300435,300435.SZ,创,中泰股份,17.07,62.97,65.84,14.7577,15.6334,1.9054,2.4965,1.46,36.5,53.23,否
300442,300442.SZ,创,润泽科技,64.38,1053.4,1056.5,20.3096,51.4251,7.5584,16.7294,1.0,110.98,41.99,否
300444,300444.SZ,创,双杰电气,9.85,61.8,79.26,17.0078,259.5018,3.815,1.6538,0.6,18.88,47.83,否
300456,300456.SZ,创,赛微电子,31.39,187.54,229.84,16.1665,-59.859,3.6179,34.8966,1.18,68.5,54.18,否
300457,300457.SZ,创,赢合科技,19.95,126.65,128.71,20.8322,21.3401,1.8223,1.1419,0.42,39.49,49.48,否
300470,300470.SZ,创,中密控股,28.14,55.53,58.51,16.3634,17.1016,2.0402,3.3316,3.55,41.0,31.37,否
300492,300492.SZ,创,华图山鼎,23.72,65.3,65.3,27.1542,27.7488,27.687,2.0354,1.81,94.65,74.94,否
300529,300529.SZ,创,健帆生物,15.76,80.75,125.86,23.9703,25.4072,3.7688,6.59,3.2,24.98,36.91,否
300573,300573.SZ,创,兴齐眼药,39.75,108.12,141.08,18.6521,18.3843,7.2771,5.3846,2.96,85.65,53.59,否
300592,300592.SZ,创,华凯易佰,14.91,51.27,58.33,24.9981,26.6831,2.5374,0.6655,1.65,19.59,23.89,否
300595,300595.SZ,创,欧普康视,11.0,73.53,98.38,21.137,25.7854,1.9906,5.3398,1.71,19.98,44.94,否
300596,300596.SZ,创,利安隆,43.3,99.43,99.43,17.9913,18.1656,1.994,1.5493,1.04,56.48,23.34,否
300641,300641.SZ,创,正丹股份,13.95,73.31,73.31,22.8404,25.9981,2.3025,3.8557,3.58,25.85,46.03,否
300674,300674.SZ,创,宇信科技,15.82,111.22,111.38,26.564,27.9884,2.522,3.0936,1.89,29.26,45.93,否
300685,300685.SZ,创,艾德生物,18.99,73.98,74.08,20.8127,21.8571,3.9321,6.2463,2.34,26.15,27.38,否
300693,300693.SZ,创,盛弘股份,42.9,115.67,134.19,24.5842,24.7871,5.9745,3.4764,1.93,71.2,39.75,否
300695,300695.SZ,创,兆丰股份,49.06,50.17,50.17,16.5869,58.4905,1.7512,7.1162,0.3,123.0,60.11,否
300724,300724.SZ,创,捷佳伟创,57.73,166.1,201.07,9.2265,10.5281,1.5251,1.5625,2.07,152.24,62.08,否
300770,300770.SZ,创,新媒股份,33.61,76.58,76.58,11.9133,11.8902,2.1549,4.7968,8.33,51.45,34.67,否
300772,300772.SZ,创,运达股份,11.33,79.07,89.15,27.1017,31.1603,1.3328,0.278,0.53,21.99,48.48,否
300773,300773.SZ,创,拉卡拉,15.41,158.51,167.56,10.4057,44.8016,3.6156,2.7229,3.15,32.08,51.96,否
300815,300815.SZ,创,玉禾田,15.89,62.03,63.34,11.2901,11.1368,1.3876,0.8114,2.18,35.29,54.97,否
300832,300832.SZ,创,新产业,51.87,354.34,407.55,23.7378,24.5168,4.544,8.4692,2.31,71.51,27.46,否
300841,300841.SZ,创,康华生物,56.5,68.69,73.42,29.7818,31.3044,2.0317,6.0208,0.88,94.3,40.08,否
300850,300850.SZ,创,新强联,25.28,76.04,104.68,13.1299,14.026,1.4894,2.2817,1.17,57.71,56.19,否
300861,300861.SZ,创,美畅股份,16.8,70.87,112.87,27.4152,32.1344,1.7396,4.8476,1.07,27.98,39.96,否
300866,300866.SZ,创,安克创新,118.5,366.5,696.84,27.642,30.477,6.7529,2.1689,1.85,149.5,20.74,否
300888,300888.SZ,创,稳健医疗,29.02,168.42,169.18,21.9458,24.2236,1.4605,1.5347,2.58,43.57,33.39,否
300896,300896.SZ,创,爱美客,92.36,204.13,279.47,25.5244,30.7734,3.5325,11.7962,1.94,202.88,54.48,否
300910,300910.SZ,创,瑞丰新材,25.15,67.47,96.34,14.1382,15.5614,2.7344,2.7245,4.52,66.3,62.07,否
300919,300919.SZ,创,中伟新材,40.47,370.18,422.7,23.2891,24.8102,1.8078,0.796,1.54,66.15,38.82,否
300926,300926.SZ,创,博俊科技,17.19,51.22,74.66,9.0586,9.0785,2.1197,1.3062,1.28,36.7,53.16,否
300957,300957.SZ,创,贝泰妮,31.68,134.2,134.2,24.6982,35.6918,2.1438,2.4276,2.04,51.8,38.84,否
300972,300972.SZ,创,万辰集团,201.06,364.52,396.76,22.5492,24.3089,18.9893,0.6928,0.48,241.86,16.87,否
300979,300979.SZ,创,华利集团,33.24,387.91,387.91,15.5874,16.0933,2.5129,1.6688,6.32,64.36,48.35,否
301015,301015.SZ,创,百洋医药,25.86,135.91,135.93,26.4647,32.9201,6.2096,1.8246,2.21,32.38,20.14,否
301031,301031.SZ,创,中熔电气,92.78,106.6,135.6,29.5947,30.1518,8.3435,5.6175,0.38,186.96,50.37,否
301035,301035.SZ,创,润丰股份,52.48,191.01,191.29,19.3073,18.7603,2.6049,1.2263,2.8,88.0,40.36,否
301039,301039.SZ,创,中集车辆,7.98,115.9,149.56,16.9593,17.7261,1.0542,0.7392,3.4,10.7,25.42,否
301048,301048.SZ,创,金鹰重工,9.46,50.45,50.45,23.5647,23.3609,1.7968,1.5178,1.14,16.2,41.6,否
301061,301061.SZ,创,匠心家居,34.71,65.58,98.71,11.8961,12.9831,2.322,2.9454,2.21,119.19,70.88,否
301078,301078.SZ,创,孩子王,6.96,87.83,88.01,27.9183,38.0991,2.069,0.8518,1.07,14.99,53.57,否
301087,301087.SZ,创,可孚医疗,48.03,93.2,113.3,29.2598,35.0525,2.3944,3.0939,3.25,63.99,24.94,否
301101,301101.SZ,创,明月镜片,29.45,57.16,59.35,29.3907,34.0994,3.4538,6.8718,1.69,51.74,43.08,否
301109,301109.SZ,创,军信股份,13.33,83.22,105.19,13.7787,14.7002,1.4577,3.8656,4.78,18.5,27.95,否
301215,301215.SZ,创,中汽股份,5.22,69.03,69.11,26.7168,30.0626,2.3893,9.9643,1.9,7.81,33.16,否
301216,301216.SZ,创,万凯新材,16.51,89.92,95.79,19.0831,134.4812,1.4841,0.6027,0.91,31.44,47.49,否
301219,301219.SZ,创,腾远钴业,46.81,127.9,179.2,11.7685,12.0604,1.8059,1.6446,2.28,93.98,50.19,否
301267,301267.SZ,创,华厦眼科,16.04,104.01,134.74,29.1231,30.6547,2.542,3.2109,1.61,22.95,30.11,否
301291,301291.SZ,创,明阳电气,38.04,62.25,119.65,23.8998,24.3084,2.4307,1.8222,1.37,73.76,48.43,否
301308,301308.SZ,创,江波龙,380.66,1072.9,1635.57,13.6464,14.4685,7.3401,4.4616,0.26,749.88,49.24,否
301339,301339.SZ,创,通行宝,10.95,62.77,63.53,28.0921,28.7686,2.3071,5.8706,2.28,18.42,40.55,否
301358,301358.SZ,创,湖南裕能,67.28,514.24,570.35,14.6929,14.6671,2.7894,1.0343,0.53,110.0,38.84,否
301498,301498.SZ,创,乖宝宠物,38.41,72.8,153.82,25.9618,26.0587,3.3116,2.2187,1.3,101.55,62.18,否
301606,301606.SZ,创,绿联科技,50.59,83.47,209.9,26.5042,27.2827,6.2269,2.0058,1.19,93.0,45.6,否
600004,600004.SH,沪,白云机场,7.38,174.66,190.2,14.1922,22.124,0.9301,2.3451,3.86,10.41,29.11,否
600007,600007.SH,沪,中国国贸,18.6,187.35,187.35,15.661,15.7424,2.0875,5.0359,5.75,22.78,18.35,否
600009,600009.SH,沪,上海机场,22.92,568.47,570.32,24.9199,26.5265,1.3224,4.226,2.31,34.92,34.36,否
600011,600011.SH,沪,华能国际,6.6,725.85,1036.07,8.8301,9.6706,1.7794,0.4622,6.06,9.76,32.38,否
600012,600012.SH,沪,皖通高速,15.5,180.67,264.83,14.2175,14.2032,2.1655,4.8379,4.26,19.57,20.8,否
600019,600019.SH,沪,宝钢股份,5.81,1244.16,1265.54,12.6074,13.0522,0.6255,0.3872,5.33,7.83,25.8,否
600021,600021.SH,沪,上海电力,13.66,385.47,385.47,15.3849,16.7664,1.9501,0.9325,2.71,31.78,57.02,否
600026,600026.SH,沪,中远海能,19.58,749.52,1071.26,19.4672,22.8661,2.3184,4.2105,1.94,27.17,27.94,否
600028,600028.SH,沪,中国石化,5.1,4832.38,6167.2,17.3475,18.4685,0.7525,0.2239,3.92,8.11,37.11,否
600030,600030.SH,沪,中信证券,27.12,3302.28,4237.3,10.6732,10.5037,1.4341,4.6306,3.01,32.53,16.63,否
600031,600031.SH,沪,三一重工,18.8,1593.19,1728.66,20.5364,22.0745,1.9439,1.8654,2.46,24.29,22.6,否
600039,600039.SH,沪,四川路桥,8.34,725.21,725.21,10.3335,10.5525,1.4822,0.6352,5.89,10.65,21.69,否
600054,600054.SH,沪,黄山旅游,11.15,57.23,81.33,28.0228,31.3048,1.7112,3.8297,1.26,14.76,24.46,否
600056,600056.SH,沪,中国医药,9.2,137.57,137.62,28.1406,35.0563,1.156,0.39,1.03,12.48,26.28,否
600057,600057.SH,沪,厦门象屿,6.21,129.94,176.3,13.5067,6.3445,1.143,0.0428,3.54,9.3,33.23,否
600061,600061.SH,沪,国投资本,6.25,399.63,399.63,11.8756,11.603,0.744,2.8188,2.47,8.76,28.65,否
600062,600062.SH,沪,华润双鹤,15.67,162.69,162.74,10.06,10.5839,1.3729,1.4965,3.06,22.14,29.22,否
600063,600063.SH,沪,皖维高新,5.8,120.01,120.01,24.4224,27.6596,1.3995,1.4657,1.72,9.02,35.7,否
600064,600064.SH,沪,南京高科,7.47,129.26,129.26,7.5812,9.4829,0.6496,4.5093,4.28,9.47,21.12,否
600066,600066.SH,沪,宇通客车,29.49,652.89,652.89,11.9002,13.5293,5.0314,1.5539,6.78,38.5,23.4,否
600079,600079.SH,沪,ST人福,17.89,276.07,292.01,15.3432,16.3594,1.5671,1.2205,2.68,23.66,24.39,否
600089,600089.SH,沪,特变电工,20.05,1013.08,1013.08,19.0331,22.8162,1.4671,0.9603,1.78,33.28,39.75,否
600096,600096.SH,沪,云天化,29.67,540.88,540.88,10.1492,10.431,2.1291,1.1696,4.72,45.62,34.96,否
600098,600098.SH,沪,广州发展,6.24,218.77,218.77,9.1056,25.2125,0.813,0.4229,5.61,8.5,26.59,否
600104,600104.SH,沪,上汽集团,10.14,1165.62,1165.62,11.531,15.8613,0.3918,0.1777,2.61,20.63,50.85,否
600109,600109.SH,沪,国金证券,8.47,313.84,313.84,13.1504,13.8115,0.8761,3.487,0.94,10.64,20.39,否
600116,600116.SH,沪,三峡水利,6.12,117.02,117.02,15.2774,24.9963,1.0136,1.1311,2.02,7.3,16.16,否
600125,600125.SH,沪,铁龙物流,5.38,70.24,70.24,13.0299,13.5573,0.9068,0.6177,2.25,7.18,25.07,否
600131,600131.SH,沪,国网信通,15.4,184.17,184.34,29.595,29.6225,2.8649,1.7495,1.07,24.13,36.18,否
600132,600132.SH,沪,重庆啤酒,40.28,194.94,194.94,16.7789,17.4522,12.3073,1.3483,2.98,59.85,32.7,否
600141,600141.SH,沪,兴发集团,30.68,368.69,368.69,25.6378,26.1169,1.51,1.2488,1.62,51.44,40.36,否
600150,600150.SH,沪,中国船舶,33.68,2044.87,2534.63,21.9377,25.9266,1.7266,1.4126,1.08,43.42,22.43,否
600160,600160.SH,沪,巨化股份,38.7,1044.8,1044.8,25.1914,25.306,5.0749,3.84,1.55,58.0,33.28,否
600161,600161.SH,沪,天坛生物,12.15,240.25,240.25,24.703,25.2755,2.0423,4.0095,1.65,22.08,44.97,否
600167,600167.SH,沪,联美控股,5.6,126.72,126.72,21.0993,22.2123,1.0886,4.0558,2.63,10.56,46.97,否
600188,600188.SH,沪,兖矿能源,21.41,1276.33,2148.89,22.3242,37.4976,2.9326,1.4402,2.34,27.8,22.99,否
600196,600196.SH,沪,复星医药,23.56,499.12,629.15,18.0966,25.8882,1.3079,1.4868,1.66,33.1,28.82,否
600210,600210.SH,沪,紫江企业,5.98,90.7,90.7,8.3488,10.9865,1.4217,0.9491,5.85,8.33,28.21,否
600211,600211.SH,沪,西藏药业,38.99,125.67,125.67,12.8424,16.3584,3.2113,4.3557,5.16,57.98,32.75,否
600216,600216.SH,沪,浙江医药,13.23,125.87,127.22,16.9338,18.0242,1.1595,1.4431,2.11,18.58,28.79,否
600233,600233.SH,沪,圆通速递,17.42,596.28,596.28,10.5224,10.6943,1.6052,0.7617,2.12,22.86,23.8,否
600236,600236.SH,沪,桂冠电力,9.9,780.36,780.36,20.2646,20.1053,4.3134,6.5276,3.67,12.65,21.74,否
600251,600251.SH,沪,冠农股份,10.31,80.11,80.11,17.6219,18.3766,2.0059,3.32,1.55,13.21,21.95,否
600256,600256.SH,沪,广汇能源,6.23,398.22,398.22,22.4954,21.9634,1.5936,1.3763,1.01,7.85,20.64,否
600258,600258.SH,沪,首旅酒店,12.23,136.56,136.56,16.3046,17.5975,1.1632,1.7925,3.68,18.22,32.88,否
600268,600268.SH,沪,国电南自,10.51,106.73,106.74,20.7231,21.8142,2.8551,1.1465,1.9,17.44,39.74,否
600273,600273.SH,沪,嘉化能源,6.74,88.38,88.38,14.1179,14.0294,0.9166,0.8657,4.85,12.25,44.98,否
600278,600278.SH,沪,东方创业,6.16,53.01,53.01,29.0464,30.817,0.7064,0.1624,1.61,9.23,33.26,否
600295,600295.SH,沪,鄂尔多斯,13.08,258.41,366.08,14.3043,15.6392,1.7841,1.4081,5.35,18.06,27.57,否
600299,600299.SH,沪,安迪苏,8.49,261.47,261.47,26.272,24.7394,1.353,1.5084,1.78,16.48,48.48,否
600309,600309.SH,沪,万华化学,73.98,2315.92,2315.92,17.5944,18.2398,2.1546,1.0811,1.69,97.0,23.73,否
600312,600312.SH,沪,平高电气,19.73,267.72,267.72,21.049,21.7642,2.2562,2.1952,1.95,25.65,23.08,否
600332,600332.SH,沪,白云山,20.91,293.97,339.95,13.2644,16.2162,0.8853,0.4363,3.59,27.85,24.92,否
600335,600335.SH,沪,国机汽车,5.26,78.24,78.24,16.7799,20.4007,0.679,0.2292,2.36,7.25,27.45,否
600338,600338.SH,沪,西藏珠峰,13.85,126.62,126.62,22.3595,22.1957,2.6759,4.3167,0.14,28.28,51.03,否
600346,600346.SH,沪,恒力石化,18.87,1328.28,1328.28,11.8277,14.7775,1.8463,0.6798,1.54,27.26,30.78,否
600348,600348.SH,沪,华阳股份,8.96,323.23,323.23,20.3328,22.3128,1.1969,1.5727,2.65,10.59,15.39,否
600350,600350.SH,沪,山东高速,10.56,510.53,510.53,15.7878,16.7287,1.782,2.1195,3.98,13.49,21.72,否
600352,600352.SH,沪,浙江龙盛,12.54,407.97,407.97,20.7066,25.18,1.2878,2.9788,3.59,17.11,26.71,否
600362,600362.SH,沪,江西铜业,45.86,951.71,1588.01,19.8617,16.2073,1.9358,0.2776,2.18,70.7,35.13,否
600363,600363.SH,沪,联创光电,18.21,82.11,82.11,18.3795,19.5826,1.8102,2.6041,0.0,78.76,76.88,否
600366,600366.SH,沪,宁波韵升,11.78,129.47,129.47,26.0452,30.227,2.0166,2.0067,0.84,18.45,36.15,否
600377,600377.SH,沪,宁沪高速,11.92,453.22,600.5,12.6449,12.9512,1.4693,2.9972,4.11,14.95,20.27,否
600380,600380.SH,沪,健康元,9.88,180.75,180.75,13.7481,14.0203,1.1885,1.2173,2.23,14.21,30.47,否
600388,600388.SH,沪,紫金龙净,17.73,225.18,225.18,18.4009,19.5727,2.0635,1.791,2.14,21.11,16.01,否
600389,600389.SH,沪,江山股份,18.54,79.84,79.84,14.2637,21.6347,1.9302,1.3274,2.97,33.3,44.32,否
600395,600395.SH,沪,盘江股份,5.46,117.21,117.21,29.4486,32.3483,1.1186,1.2396,1.1,6.44,15.22,否
600398,600398.SH,沪,海澜之家,5.9,283.36,283.36,12.9978,13.2323,1.6389,1.2822,6.95,7.43,20.59,否
600406,600406.SH,沪,国电南瑞,23.17,1855.49,1860.96,22.3671,23.2161,3.7444,2.7818,2.67,32.06,27.73,否
600415,600415.SH,沪,小商品城,12.48,684.35,684.35,15.5864,16.9267,3.2392,3.204,4.01,23.4,46.67,否
600420,600420.SH,沪,国药现代,8.46,113.46,113.46,15.7898,17.4871,0.8313,1.2863,3.55,11.8,28.31,否
600426,600426.SH,沪,华鲁恒升,20.77,571.09,571.16,13.9322,14.0144,1.635,1.7646,2.18,44.1,52.9,否
600458,600458.SH,沪,时代新材,11.54,100.3,109.87,19.751,22.4146,1.3536,0.4844,2.18,18.25,36.77,否
600459,600459.SH,沪,贵研铂业,21.87,166.15,180.05,27.0619,27.9421,1.9936,0.3692,1.45,29.99,27.08,否
600461,600461.SH,沪,洪城环境,8.83,113.39,113.39,9.6288,9.7688,1.1776,1.5623,5.29,10.58,16.54,否
600480,600480.SH,沪,凌云股份,8.33,101.06,101.81,13.1656,15.7465,1.2914,0.5074,4.8,15.55,46.43,否
600483,600483.SH,沪,福能股份,10.27,285.52,285.52,9.6829,9.7488,1.0738,2.0483,4.13,12.5,17.84,否
600486,600486.SH,沪,扬农化工,54.96,222.1,222.1,17.6542,17.8427,1.9182,1.836,1.74,89.71,38.74,否
600489,600489.SH,沪,中金黄金,27.18,1317.5,1317.5,20.9939,19.1145,4.3088,1.5178,1.69,41.48,34.47,否
600499,600499.SH,沪,科达制造,14.22,272.72,272.72,17.6109,18.8595,2.1681,1.4863,2.11,20.78,31.57,否
600511,600511.SH,沪,国药股份,26.4,146.08,199.19,10.3324,10.3809,1.0589,0.3719,3.03,31.18,15.33,否
600528,600528.SH,沪,中铁工业,6.94,154.18,154.18,11.271,12.6617,0.6092,0.554,1.3,9.84,29.47,否
600529,600529.SH,沪,山东药玻,18.74,124.36,124.36,18.6392,19.4802,1.4847,2.7942,2.45,23.79,21.23,否
600531,600531.SH,沪,豫光金铅,13.9,168.09,168.09,18.5492,20.912,2.4564,0.3028,1.55,24.79,43.93,否
600535,600535.SH,沪,天士力,14.97,223.64,223.64,18.2873,21.8884,1.7301,2.7443,2.27,17.69,15.38,否
600546,600546.SH,沪,山煤国际,13.21,261.88,261.88,19.5429,18.2563,1.6367,1.2508,2.69,15.73,16.02,否
600548,600548.SH,沪,深高速,8.18,140.24,207.6,17.5835,17.6806,0.9083,2.2438,2.98,10.84,24.54,否
600549,600549.SH,沪,厦门钨业,55.58,863.68,882.38,24.9406,26.5558,4.7206,1.4209,1.48,96.85,42.61,否
600557,600557.SH,沪,康缘药业,12.06,68.28,68.28,22.7752,32.9393,1.3941,2.1031,0.0,20.2,40.3,否
600559,600559.SH,沪,老白干酒,11.4,104.28,104.28,23.5496,26.2729,1.9701,2.4984,1.75,18.98,39.94,否
600563,600563.SH,沪,法拉电子,133.07,299.41,299.41,24.8492,26.1418,5.3689,5.3548,1.73,198.8,33.06,否
600566,600566.SH,沪,济川药业,24.39,224.07,224.74,12.9338,14.7231,1.6784,3.8087,7.12,29.6,17.6,否
600578,600578.SH,沪,京能电力,5.53,370.21,370.21,10.3706,10.4666,1.5555,1.0598,3.07,10.05,44.98,否
600583,600583.SH,沪,海油工程,6.12,270.59,270.59,13.025,15.3275,0.9377,0.9585,3.2,8.72,29.82,否
600585,600585.SH,沪,海螺水泥,17.41,692.48,918.74,11.8234,12.7145,0.482,1.1406,4.88,26.93,35.35,否
600587,600587.SH,沪,新华医疗,12.41,75.28,75.28,15.3662,18.2285,0.9662,0.7775,2.82,18.62,33.35,否
600595,600595.SH,沪,中孚实业,6.19,248.09,248.09,8.8901,8.6264,1.3559,0.9273,2.83,10.83,42.84,否
600598,600598.SH,沪,北大荒,12.52,222.57,222.57,18.4177,20.597,2.9273,4.1833,4.39,18.35,31.77,否
600600,600600.SH,沪,青岛啤酒,50.82,360.38,693.28,14.8216,16.3784,2.3714,2.1455,4.62,70.23,27.64,否
600612,600612.SH,沪,老凤祥,35.05,111.15,183.35,10.8559,11.4705,1.4062,0.3739,4.71,57.72,39.28,否
600618,600618.SH,沪,氯碱化工,10.11,75.81,116.91,13.97,14.1084,1.2643,1.4451,2.37,18.19,44.42,否
600621,600621.SH,沪,华鑫股份,12.75,135.26,135.26,20.696,21.8804,1.4696,5.2265,1.41,19.3,33.94,否
600623,600623.SH,沪,华谊集团,8.17,153.27,173.16,29.8371,35.5427,0.7761,0.3636,1.35,12.26,33.36,否
600633,600633.SH,沪,浙数文化,10.16,128.84,128.84,25.9426,31.8084,1.2468,3.7954,2.46,17.79,42.89,否
600639,600639.SH,沪,浦东金桥,9.34,79.41,104.83,10.0527,11.5234,0.7174,1.7341,4.28,11.61,19.55,否
600642,600642.SH,沪,申能股份,8.34,408.14,408.17,10.768,11.7954,1.1383,1.4837,5.52,10.98,24.04,否
600648,600648.SH,沪,外高桥,8.99,102.29,122.26,13.4435,234.3868,0.7897,2.0501,3.89,11.78,23.68,否
600685,600685.SH,沪,中船防务,25.59,210.21,361.72,29.65,32.8074,2.0046,1.6012,0.84,38.55,33.62,否
600686,600686.SH,沪,金龙汽车,11.03,79.09,79.09,13.8374,25.7851,2.2657,0.3116,2.09,22.2,50.32,否
600694,600694.SH,沪,大商股份,14.36,54.39,54.39,10.8772,12.5752,0.618,0.8698,6.33,20.45,29.78,否
600699,600699.SH,沪,均胜电子,19.42,271.04,301.16,21.5505,19.5745,1.7459,0.4984,0.92,39.98,51.43,否
600710,600710.SH,沪,苏美达,10.16,132.77,132.77,9.6665,10.585,1.6549,0.1077,4.08,15.21,33.2,否
600711,600711.SH,沪,盛屯矿业,12.1,373.96,373.96,13.7853,11.4025,2.092,1.0545,1.22,18.73,35.4,否
600713,600713.SH,沪,南京医药,5.2,67.07,68.02,10.9357,16.1705,0.9543,0.1247,3.27,6.65,21.8,否
600720,600720.SH,沪,中交设计,5.09,51.36,116.79,8.1528,8.5617,0.7438,1.0549,2.49,8.29,38.6,否
600739,600739.SH,沪,辽宁成大,10.66,162.28,162.28,17.2614,16.5448,0.5548,1.7404,1.41,13.58,21.5,否
600741,600741.SH,沪,华域汽车,15.26,481.11,481.11,6.6998,7.5403,0.7406,0.2617,6.55,21.54,29.16,否
600742,600742.SH,沪,富维股份,7.55,56.1,56.1,12.5201,13.7066,0.6635,0.295,6.89,11.48,34.23,否
600754,600754.SH,沪,锦江酒店,18.98,171.97,201.96,19.6781,18.8589,1.2969,1.4436,2.69,29.47,35.6,否
600757,600757.SH,沪,长江传媒,7.54,91.5,91.51,9.6593,10.3953,0.9292,1.3541,5.44,9.79,22.98,否
600761,600761.SH,沪,安徽合力,16.51,147.05,147.05,11.9712,13.7983,1.3733,0.7093,3.63,24.39,32.31,否
600763,600763.SH,沪,通策医疗,35.37,158.21,158.21,24.7507,31.3934,3.8246,5.1858,0.0,52.22,32.27,否
600780,600780.SH,沪,通宝能源,5.79,66.38,66.38,10.1835,10.49,0.7938,0.5914,3.11,8.45,31.48,否
600795,600795.SH,沪,国电电力,5.11,911.4,911.4,14.0457,14.581,1.5127,0.5311,2.76,6.04,15.4,否
600803,600803.SH,沪,新奥股份,17.51,537.86,541.97,12.4308,13.2314,2.5533,0.4204,6.51,24.55,28.68,否
600809,600809.SH,沪,山西汾酒,116.55,1421.87,1421.87,12.9481,12.9538,3.8408,3.8306,5.63,212.5,45.15,否
600817,600817.SH,沪,宇通重工,9.54,50.51,50.76,17.2742,23.6496,2.0676,1.5262,5.24,13.07,27.01,否
600820,600820.SH,沪,隧道股份,5.3,166.64,166.64,7.6412,8.3829,0.5247,0.3013,3.77,7.34,27.79,否
600826,600826.SH,沪,兰生股份,7.88,57.07,57.07,16.9292,23.1072,1.3708,3.4825,3.81,13.24,40.48,否
600827,600827.SH,沪,百联股份,7.46,119.69,133.1,10.8202,136.4426,0.6553,0.5521,2.01,10.37,28.06,否
600835,600835.SH,沪,上海机电,18.26,147.27,183.93,26.3773,32.1745,1.3144,0.952,0.88,33.8,45.98,否
600846,600846.SH,沪,同济科技,11.47,71.66,71.66,28.7305,29.544,1.6882,1.3673,1.15,18.37,37.56,否
600848,600848.SH,沪,上海临港,8.42,201.57,212.39,24.1106,37.6341,1.3053,2.7359,2.38,14.19,40.66,否
600861,600861.SH,沪,北京人力,12.9,73.03,73.03,8.6765,15.0318,1.0455,0.1597,8.01,22.5,42.67,否
600862,600862.SH,沪,中航高科,17.38,242.11,242.11,26.204,26.4234,3.1773,5.1648,1.28,28.5,39.02,否
600867,600867.SH,沪,通化东宝,8.11,158.84,158.84,12.8438,40.4944,2.3875,5.2191,3.69,10.67,23.99,否
600872,600872.SH,沪,中炬高新,18.37,141.63,142.24,20.4842,22.2417,2.717,3.0855,2.38,22.21,17.29,否
600873,600873.SH,沪,梅花生物,7.76,217.61,217.61,10.006,21.1598,1.3886,0.9006,5.51,13.24,41.39,否
600874,600874.SH,沪,创业环保,5.57,68.53,87.47,9.8953,11.0369,0.8569,1.8199,3.75,6.81,18.21,否
600875,600875.SH,沪,东方电气,26.23,593.68,907.13,21.2794,27.3772,2.0136,1.1405,2.02,45.38,42.2,否
600888,600888.SH,沪,新疆众和,10.25,159.19,159.19,20.0683,22.7867,1.2277,1.9958,1.27,17.28,40.68,否
600894,600894.SH,沪,广日股份,7.75,65.34,65.66,9.2297,9.9495,0.7674,0.8928,6.49,11.2,30.8,否
600897,600897.SH,沪,厦门空港,14.65,61.08,61.08,11.9884,13.255,1.2697,2.9427,2.59,22.44,34.71,否
600906,600906.SH,沪,财达证券,6.43,136.59,208.65,18.3226,18.3419,1.6354,5.9024,1.87,8.17,21.3,否
600909,600909.SH,沪,华安证券,8.17,410.48,410.48,20.3505,20.589,1.5924,8.9054,1.92,12.95,36.91,否
600918,600918.SH,沪,中泰证券,5.54,252.78,438.68,17.7177,18.6092,0.9835,3.2085,0.9,7.44,25.54,否
600927,600927.SH,沪,永安期货,12.88,186.82,186.82,22.3334,22.3088,1.4127,1714.7191,1.09,16.96,24.06,否
600938,600938.SH,沪,中国海油,33.86,1012.41,16093.64,12.9097,13.1495,1.9763,3.9499,3.38,44.54,23.98,否
600956,600956.SH,沪,新天绿能,7.01,164.6,315.47,19.8726,22.1341,1.3239,1.7016,2.85,11.24,37.63,否
600958,600958.SH,沪,东方证券,8.91,665.53,757.05,13.0864,13.5449,0.9449,5.3819,3.59,12.35,27.85,否
600961,600961.SH,沪,株冶集团,28.41,213.59,304.8,12.2517,10.8267,5.201,1.173,0.0,36.98,23.17,否
600970,600970.SH,沪,中材国际,7.71,202.14,202.14,7.6172,8.3035,0.9131,0.4129,6.23,11.61,33.59,否
600983,600983.SH,沪,惠而浦,7.76,59.48,59.48,11.9188,14.2852,2.3237,1.3999,8.63,12.82,39.47,否
600987,600987.SH,沪,航民股份,6.44,65.74,65.74,9.1257,9.3757,0.975,0.7171,3.88,8.84,27.15,否
600989,600989.SH,沪,宝丰能源,24.06,1764.41,1764.41,11.4867,11.6459,3.1961,3.184,3.48,36.49,34.06,否
600993,600993.SH,沪,马应龙,23.01,99.02,99.19,16.7967,17.3461,2.3117,2.5368,3.04,30.18,23.76,否
600999,600999.SH,沪,招商证券,17.82,1322.6,1549.72,11.6411,11.6868,1.287,5.6908,3.19,23.21,23.22,否
601001,601001.SH,沪,晋控煤业,16.84,281.85,281.85,17.0014,16.8817,1.5127,2.0526,3.25,23.9,29.54,否
601002,601002.SH,沪,晋亿实业,5.27,50.3,50.68,19.7451,20.3306,1.1697,2.1955,1.51,6.81,22.61,否
601019,601019.SH,沪,山东出版,6.88,143.58,143.58,12.1776,13.2282,0.9426,1.2808,4.22,9.54,27.88,否
601020,601020.SH,沪,华钰矿业,22.14,181.54,181.54,21.2171,41.4346,4.2863,8.938,0.36,42.3,47.66,否
601021,601021.SH,沪,春秋航空,43.59,426.46,426.46,16.2577,16.4791,2.3512,1.9199,2.16,60.48,27.93,否
601022,601022.SH,沪,宁波远洋,8.29,108.49,108.49,17.5374,18.2972,1.7508,1.7207,1.81,11.48,27.79,否
601038,601038.SH,沪,一拖股份,12.7,92.93,142.7,16.8886,19.2376,1.7835,1.305,2.09,15.84,19.82,否
601058,601058.SH,沪,赛轮轮胎,13.82,454.42,454.42,12.8354,13.0573,2.0822,1.2008,2.39,18.05,23.43,否
601059,601059.SH,沪,信达证券,16.44,533.15,533.15,27.1061,26.5512,2.495,12.0034,0.24,21.69,24.2,否
601061,601061.SH,沪,中信金属,12.0,588.0,588.0,15.0231,15.1276,2.3741,0.3562,1.83,17.93,33.07,否
601066,601066.SH,沪,中信建投,24.78,1609.63,1922.11,15.2912,15.0636,2.2294,6.6715,1.88,31.4,21.08,否
601089,601089.SH,沪,福元医药,16.66,79.97,79.97,20.6266,22.0299,2.1431,2.2334,2.93,33.5,50.27,否
601098,601098.SH,沪,中南传媒,10.15,182.29,182.29,11.3633,11.8691,1.158,1.4413,5.42,13.31,23.74,否
601107,601107.SH,沪,四川成渝,5.5,118.95,168.19,11.113,11.9666,1.0223,1.8047,5.4,6.65,17.29,否
601117,601117.SH,沪,中国化学,7.52,457.82,459.14,7.0008,7.3878,0.6736,0.2397,2.81,10.48,28.24,否
601138,601138.SH,沪,工业富联,62.84,12470.03,12470.03,26.5814,27.404,7.0952,1.1337,1.03,84.95,26.03,否
601139,601139.SH,沪,深圳燃气,6.28,180.66,180.66,12.5292,12.2495,1.1262,0.6209,2.55,8.0,21.5,否
601163,601163.SH,沪,三角轮胎,12.74,101.92,101.92,10.4569,13.1079,0.7362,1.0145,3.14,17.08,25.41,否
601177,601177.SH,沪,杭齿前进,13.95,56.14,56.88,19.9659,22.9705,1.8992,2.2563,0.5,22.5,38.0,否
601200,601200.SH,沪,上海环境,6.9,92.89,92.89,15.3981,15.6918,0.7982,1.502,1.96,9.17,24.75,否
601211,601211.SH,沪,国泰海通,17.38,2337.46,3055.59,9.4508,9.0888,0.923,3.5366,3.75,22.35,22.24,否
601236,601236.SH,沪,红塔证券,6.76,317.26,317.26,28.4825,29.1304,1.2782,13.7258,3.11,10.13,33.27,否
601288,601288.SH,沪,农业银行,6.78,21644.76,23728.85,8.0629,8.0644,0.8532,3.1856,3.68,8.68,21.89,否
601311,601311.SH,沪,骆驼股份,7.67,89.98,89.98,15.3648,20.8119,0.9465,0.5641,4.69,11.89,35.49,否
601318,601318.SH,沪,中国平安,53.35,5687.14,9660.43,6.0637,6.1175,0.9397,0.8583,5.12,74.88,28.75,否
601319,601319.SH,沪,中国人保,6.95,2467.09,3073.57,7.2131,7.0511,0.9821,0.465,3.17,10.18,31.73,否
601330,601330.SH,沪,绿色动力,6.99,69.14,100.0,15.6475,15.7848,1.2564,2.7774,4.54,12.2,42.7,否
601339,601339.SH,沪,百隆东方,7.88,118.17,118.17,14.3128,15.1353,1.2831,1.3831,5.46,9.5,17.05,否
601369,601369.SH,沪,陕鼓动力,8.73,148.95,150.46,21.7442,23.7129,1.7026,1.5921,3.55,12.55,30.44,否
601377,601377.SH,沪,兴业证券,5.79,500.02,500.02,13.6265,13.8007,0.9031,3.7974,3.45,7.92,26.89,否
601456,601456.SH,沪,国联民生,8.75,382.99,497.05,23.3409,24.1676,0.9352,6.2387,0.69,12.65,30.83,否
601512,601512.SH,沪,中新集团,7.66,114.81,114.81,12.5339,12.7773,0.76,3.9984,2.77,11.41,32.87,否
601555,601555.SH,沪,东吴证券,7.83,389.05,389.05,11.5319,11.493,0.9121,4.8713,4.57,10.69,26.75,否
601567,601567.SH,沪,三星电气,14.84,208.53,208.53,21.9052,34.0698,1.8149,1.493,4.23,33.66,55.91,否
601598,601598.SH,沪,中国外运,6.52,336.27,467.73,11.5254,27.1437,1.1511,0.4945,4.63,7.95,17.99,否
601600,601600.SH,沪,中国铝业,9.42,1243.75,1616.0,11.0206,11.2359,2.0685,0.6627,2.87,15.85,40.57,否
601607,601607.SH,沪,上海医药,16.19,451.57,600.38,10.335,20.3177,0.7899,0.2084,2.9,19.68,17.73,否
601611,601611.SH,沪,中国核建,10.71,322.78,322.78,27.5751,27.5973,1.4431,0.3384,0.56,20.1,46.72,否
601628,601628.SH,沪,中国人寿,37.03,7710.95,10466.42,7.2291,7.2206,1.8021,1.7479,2.31,51.92,28.68,否
601633,601633.SH,沪,长城汽车,15.21,945.03,1304.79,14.4023,25.7254,1.5255,0.5725,2.29,26.87,43.39,否
601677,601677.SH,沪,明泰铝业,16.62,206.63,206.63,8.5159,9.2646,1.0161,0.5264,1.9,20.0,16.9,否
601686,601686.SH,沪,友发集团,5.15,76.19,76.19,11.2653,16.8686,1.1347,0.1526,5.62,7.47,31.06,否
601688,601688.SH,沪,华泰证券,18.6,1359.06,1679.0,9.5715,9.6186,0.9622,4.4185,2.96,25.75,27.77,否
601689,601689.SH,沪,拓普集团,46.92,815.39,815.39,29.4855,31.3902,3.4351,2.6785,1.04,86.88,45.99,否
601696,601696.SH,沪,中银证券,11.62,322.8,322.8,28.6568,29.8657,1.6721,9.0682,0.32,18.4,36.85,否
601702,601702.SH,沪,华峰铝业,16.02,159.96,159.96,13.4561,13.7667,2.3892,1.2361,1.87,28.03,42.85,否
601717,601717.SH,沪,中创智领,14.87,229.32,265.49,6.4805,8.1088,1.1635,0.6449,8.41,27.69,46.3,否
601728,601728.SH,沪,中国电信,6.43,4991.59,5883.91,19.7742,21.7137,1.2469,1.1458,3.91,7.68,16.28,否
601766,601766.SH,沪,中国中车,6.04,1469.4,1733.41,12.4474,14.7874,0.9822,0.6082,3.81,8.23,26.61,否
601788,601788.SH,沪,光大证券,14.23,555.92,656.12,15.3644,16.0973,1.0674,5.5684,2.42,21.65,34.27,否
601799,601799.SH,沪,星宇股份,86.5,247.11,247.11,14.9121,15.2836,2.2341,1.5849,2.29,158.5,45.43,否
601800,601800.SH,沪,中国交建,5.86,686.73,950.13,7.0973,9.6245,0.3276,0.1297,3.34,9.66,39.34,否
601801,601801.SH,沪,皖新传媒,5.5,107.69,107.69,14.3612,18.1211,0.9155,1.3841,5.45,7.29,24.55,否
601808,601808.SH,沪,中海油服,12.46,368.87,594.54,15.6037,15.8051,1.2879,1.1708,2.27,21.85,42.97,否
601811,601811.SH,沪,新华文轩,11.9,94.24,146.83,9.3773,10.0772,0.9763,1.252,5.13,16.9,29.59,否
601857,601857.SH,沪,中国石油,11.2,18135.27,20498.35,12.9061,12.4468,1.2984,0.7198,4.2,13.69,18.19,否
601865,601865.SH,沪,福莱特,10.56,200.75,247.41,27.1105,25.7473,1.1412,1.6319,1.42,20.26,47.88,否
601877,601877.SH,沪,正泰电器,25.82,554.86,554.86,10.928,13.231,1.206,0.8209,2.49,42.13,38.71,否
601878,601878.SH,沪,浙商证券,9.17,419.42,419.42,16.082,16.209,1.1261,5.1111,1.84,12.68,27.68,否
601881,601881.SH,沪,中国银河,12.07,874.28,1319.78,10.2914,10.2939,1.1114,4.6969,2.9,19.27,37.36,否
601882,601882.SH,沪,海天精工,20.1,104.92,104.92,23.769,28.548,3.6136,3.0474,1.49,25.2,20.24,否
601888,601888.SH,沪,中国中免,52.29,1020.95,1086.48,26.5458,26.9771,1.8911,2.0423,1.34,99.81,47.61,否
601890,601890.SH,沪,亚星锚链,8.5,81.55,81.55,23.345,35.3587,2.126,3.9629,1.18,14.32,40.64,否
601898,601898.SH,沪,中煤能源,14.3,1308.74,1895.99,10.3447,10.1895,1.1409,1.2919,2.8,19.77,27.67,否
601899,601899.SH,沪,紫金矿业,34.74,7157.06,9237.61,13.6539,13.7599,5.112,2.4598,2.3,44.94,22.7,否
601900,601900.SH,沪,南方传媒,11.75,103.63,103.63,9.7153,10.6113,1.2455,1.2261,4.77,16.84,30.23,否
601901,601901.SH,沪,方正证券,6.72,553.2,553.2,12.9828,14.2692,1.0678,5.057,2.16,8.98,25.17,否
601918,601918.SH,沪,新集能源,10.1,261.64,261.64,10.7535,10.7771,1.4644,1.8218,1.68,12.16,16.94,否
601921,601921.SH,沪,浙版传媒,7.33,162.89,162.89,12.9728,16.5396,1.1202,1.6195,4.37,9.37,21.77,否
601928,601928.SH,沪,凤凰传媒,8.79,223.7,223.7,13.071,15.25,1.156,1.8634,5.69,11.58,24.09,否
601949,601949.SH,沪,中国出版,5.09,96.91,96.91,16.8413,24.525,0.9935,1.8611,2.0,8.08,37.0,否
601952,601952.SH,沪,苏垦农发,8.44,116.3,116.3,24.3007,27.9205,1.6166,1.185,2.25,11.21,24.71,否
601965,601965.SH,沪,中国汽研,14.04,140.18,140.77,13.4817,14.2774,1.8134,2.8794,2.42,20.51,31.55,否
601966,601966.SH,沪,玲珑轮胎,10.9,159.52,159.52,15.2625,17.9132,0.7005,0.638,1.99,16.34,33.29,否
601990,601990.SH,沪,南京证券,6.56,277.6,288.62,26.3806,26.2138,1.2408,10.4971,1.86,9.05,27.51,否
601991,601991.SH,沪,大唐发电,5.91,732.61,1093.75,13.6016,12.8469,2.9701,0.9015,2.5,9.92,40.42,否
603013,603013.SH,沪,亚普股份,16.23,82.48,82.48,14.7031,15.0465,1.8512,0.8817,2.47,30.29,46.42,否
603025,603025.SH,沪,大豪科技,13.81,153.18,154.21,18.2824,17.9245,5.5838,4.6057,3.26,21.8,36.65,否
603027,603027.SH,沪,千禾味业,7.22,96.08,96.08,28.669,29.1754,2.9345,3.7548,3.56,13.25,45.51,否
603043,603043.SH,沪,广州酒家,13.5,75.93,76.58,15.6376,16.7132,2.034,1.3989,3.7,18.88,28.5,否
603045,603045.SH,沪,福达合金,57.24,77.53,77.53,26.3483,26.6397,6.2887,1.2981,0.26,95.05,39.78,否
603049,603049.SH,沪,中策橡胶,49.26,248.75,430.77,10.0987,10.2825,1.7122,0.9249,2.9,62.0,20.55,否
603053,603053.SH,沪,成都燃气,8.71,77.42,77.42,16.9912,17.3498,1.5898,1.4821,3.44,11.86,26.56,否
603055,603055.SH,沪,台华新材,8.71,77.39,77.54,15.5141,22.5373,1.4797,1.2183,2.07,11.29,22.85,否
603057,603057.SH,沪,紫燕食品,21.84,89.98,90.66,29.8018,45.2911,4.3226,2.6845,0.82,35.99,39.32,否
603071,603071.SH,沪,物产环能,12.46,69.52,69.52,9.9639,10.4311,1.1704,0.1929,3.77,15.46,19.4,否
603093,603093.SH,沪,南华期货,11.3,99.67,117.31,18.2352,18.273,2.0266,10.061,0.42,27.15,58.38,否
603100,603100.SH,沪,川仪股份,17.36,88.8,89.09,13.8903,14.7925,1.9024,1.3079,2.94,27.17,36.11,否
603112,603112.SH,沪,华翔股份,16.25,86.87,87.74,15.3476,17.7756,1.9895,2.086,2.6,23.95,32.15,否
603128,603128.SH,沪,华贸物流,5.33,69.77,69.77,15.0734,19.9903,1.1592,0.3812,4.2,6.56,18.75,否
603132,603132.SH,沪,金徽股份,18.94,185.23,185.23,26.5384,26.9609,6.0377,9.1853,2.96,23.87,20.65,否
603153,603153.SH,沪,上海建科,13.12,52.98,53.77,14.3346,17.0679,1.4164,1.0735,2.06,21.0,37.52,否
603162,603162.SH,沪,海通发展,12.34,52.11,169.65,18.8167,18.8733,3.4816,2.7751,0.55,19.74,37.49,否
603166,603166.SH,沪,福达股份,10.97,70.29,70.83,21.6873,23.9619,2.7172,3.5051,1.8,21.69,49.42,否
603173,603173.SH,沪,福斯达,31.46,50.34,50.34,12.6454,13.0806,2.5845,1.6679,2.58,55.28,43.09,否
603181,603181.SH,沪,皇马科技,12.67,74.59,74.59,16.5751,17.7816,2.0645,2.9504,1.76,20.88,39.32,否
603194,603194.SH,沪,中力股份,33.27,52.58,133.41,15.7108,16.2527,2.4897,1.7904,1.95,46.88,29.03,否
603198,603198.SH,沪,迎驾贡酒,38.97,311.76,311.76,15.6529,16.2947,3.0357,5.0274,3.85,47.27,17.56,否
603217,603217.SH,沪,元利科技,26.5,55.14,55.14,26.6084,27.6379,1.6217,2.4737,1.13,33.24,20.28,否
603218,603218.SH,沪,日月股份,9.64,99.19,99.28,19.1857,20.1787,0.9884,1.6282,3.9,17.09,43.59,否
603223,603223.SH,沪,恒通股份,10.46,73.83,73.83,23.3034,23.1258,1.8282,5.3311,1.1,15.35,31.86,否
603225,603225.SH,沪,新凤鸣,19.02,317.36,319.06,29.5557,27.9392,1.5412,0.4281,1.04,22.98,17.23,否
603227,603227.SH,沪,雪峰科技,7.65,81.98,81.98,15.6273,16.4746,1.5545,1.5121,1.96,10.75,28.84,否
603233,603233.SH,沪,大参林,17.66,201.12,201.12,15.6346,15.7216,2.8221,0.7308,4.67,21.78,18.92,否
603235,603235.SH,沪,天新药业,22.9,100.25,100.25,19.2786,20.9323,2.0781,4.2374,2.39,30.02,23.72,否
603236,603236.SH,沪,移远通信,58.01,235.15,235.15,24.2866,25.0413,3.1938,0.8386,1.28,113.04,48.68,否
603277,603277.SH,沪,银都股份,12.5,76.22,76.46,23.285,21.603,2.8997,2.7885,5.62,20.11,37.84,否
603279,603279.SH,沪,景津装备,12.47,71.87,71.87,15.0622,15.2523,1.6083,1.246,6.42,21.73,42.61,否
603281,603281.SH,沪,江瀚新材,19.33,100.25,100.25,25.9747,27.1111,2.1747,4.9995,3.62,43.86,55.93,否
603296,603296.SH,沪,华勤技术,78.24,624.82,1186.28,27.7629,35.8921,4.657,0.6695,1.1,126.69,38.24,否
603298,603298.SH,沪,杭叉集团,25.9,339.24,339.24,15.2352,15.525,2.9467,1.8692,2.32,31.43,17.59,否
603299,603299.SH,沪,苏盐井神,8.98,70.09,85.74,18.2457,26.9877,1.0775,1.9517,2.81,12.79,29.79,否
603317,603317.SH,沪,天味食品,13.44,142.74,142.74,19.1579,20.6499,3.4183,3.6252,4.07,17.3,22.31,否
603328,603328.SH,沪,依顿电子,11.07,110.53,110.53,28.5533,29.5975,2.6566,2.7531,1.52,15.45,28.35,否
603337,603337.SH,沪,杰克科技,37.9,177.0,180.55,20.8269,23.063,3.493,2.6483,1.13,57.33,33.89,否
603338,603338.SH,沪,浙江鼎力,53.76,272.21,272.21,14.1522,14.8642,2.4172,2.9799,2.14,64.6,16.78,否
603355,603355.SH,沪,莱克电气,28.51,163.48,163.48,27.7662,33.0823,2.8924,1.6693,0.0,38.92,26.75,否
603367,603367.SH,沪,辰欣药业,14.1,63.84,63.84,15.6294,24.8522,1.0215,1.8916,2.47,35.2,59.94,否
603368,603368.SH,沪,柳药集团,15.88,63.08,63.08,9.605,9.7109,0.8311,0.3006,4.18,20.92,24.09,否
603369,603369.SH,沪,今世缘,27.89,347.73,347.73,14.1546,14.0958,2.0278,3.5972,4.3,45.6,38.84,否
603379,603379.SH,沪,三美股份,61.45,375.14,375.14,17.3159,17.4892,4.7557,6.2154,2.47,87.2,29.53,否
603380,603380.SH,沪,易德龙,35.47,56.91,56.91,25.5044,25.7206,3.8158,2.388,1.69,56.3,37.0,否
603383,603383.SH,沪,顶点软件,28.59,58.72,58.72,29.7453,34.5302,4.0486,10.0556,2.8,49.27,41.97,否
603393,603393.SH,沪,新天然气,24.37,103.31,103.31,18.0943,17.6541,1.0664,2.7262,3.28,44.0,44.61,否
603416,603416.SH,沪,信捷电气,45.37,63.31,71.22,27.1288,29.6581,2.7322,3.4083,3.39,68.78,34.04,否
603456,603456.SH,沪,九洲药业,16.6,146.36,146.36,24.7389,24.8335,1.6444,2.8077,1.2,22.25,25.39,否
603486,603486.SH,沪,科沃斯,61.15,350.61,354.27,17.48,22.639,3.716,1.7111,1.5,111.69,45.25,否
603507,603507.SH,沪,振江股份,23.04,54.44,55.05,27.3509,36.4165,2.1629,1.2171,1.0,49.77,53.71,否
603508,603508.SH,沪,思维列控,21.2,80.83,80.83,14.1744,14.3065,1.9612,5.1844,2.47,37.54,43.53,否
603515,603515.SH,沪,欧普照明,16.3,120.25,120.99,13.2905,15.4656,1.8569,1.7355,5.2,21.82,25.3,否
603529,603529.SH,沪,爱玛科技,21.27,180.96,183.83,11.306,11.9396,1.9526,0.7677,5.54,38.35,44.54,否
603556,603556.SH,沪,海兴电力,25.75,125.21,125.21,19.0634,21.8533,1.839,2.3929,3.08,43.28,40.5,否
603568,603568.SH,沪,伟明环保,14.6,299.07,299.07,17.405,18.7476,2.0483,5.5376,3.43,29.37,50.29,否
603583,603583.SH,沪,捷昌驱动,23.17,88.57,89.38,26.6686,29.3182,1.9492,2.2221,1.34,46.95,50.65,否
603587,603587.SH,沪,地素时尚,11.64,55.02,55.02,19.7594,22.328,1.5523,2.5405,3.43,14.02,16.98,否
603588,603588.SH,沪,高能环境,13.83,210.66,210.66,15.5188,16.0657,2.0208,1.1479,1.73,20.7,33.19,否
603589,603589.SH,沪,口子窖,18.94,113.28,113.28,28.9323,30.1346,1.0859,3.186,2.63,35.79,47.08,否
603596,603596.SH,沪,伯特利,25.12,225.49,225.49,17.2428,18.6575,2.8795,1.8712,1.02,59.4,57.71,否
603599,603599.SH,沪,广信股份,10.11,92.03,92.03,14.0878,17.8561,0.9184,2.658,2.18,16.65,39.28,否
603605,603605.SH,沪,珀莱雅,57.0,225.71,225.71,15.3109,15.7316,3.8352,2.1407,3.48,92.0,38.04,否
603606,603606.SH,沪,东方电缆,34.11,281.34,281.34,20.6379,20.819,3.3269,2.3041,1.36,73.94,53.87,否
603612,603612.SH,沪,索通发展,16.66,82.98,82.98,13.179,13.7311,1.3852,0.4191,0.72,36.35,54.17,否
603613,603613.SH,沪,国联股份,18.24,131.43,131.43,9.9081,10.3385,1.402,0.264,0.0,33.46,45.49,否
603658,603658.SH,沪,安图生物,34.6,197.71,197.71,19.1104,20.3007,2.3498,4.6822,3.79,42.75,19.06,否
603659,603659.SH,沪,璞泰来,24.18,518.46,518.46,18.8149,20.4197,2.4223,2.7669,0.93,37.66,35.79,否
603680,603680.SH,沪,今创集团,10.23,80.17,80.17,12.9024,12.8933,1.3928,1.8254,2.93,17.95,43.01,否
603693,603693.SH,沪,江苏新能,11.19,99.76,99.76,22.0085,23.2059,1.4151,4.9377,1.34,20.37,45.07,否
603699,603699.SH,沪,纽威股份,55.65,421.91,431.44,25.4138,25.6429,11.314,5.2231,2.61,67.17,17.15,否
603707,603707.SH,沪,健友股份,7.96,128.61,128.61,21.9526,26.573,1.8965,3.1879,1.25,12.27,35.13,否
603708,603708.SH,沪,家家悦,9.02,57.58,57.58,28.2358,31.9859,2.3575,0.3214,3.39,14.16,36.3,否
603713,603713.SH,沪,密尔克卫,66.27,115.34,115.34,17.583,19.3283,2.3792,0.8083,1.37,83.97,21.08,否
603733,603733.SH,沪,仙鹤股份,21.58,176.36,176.36,17.1684,19.1057,2.1367,1.4088,2.88,29.83,27.66,否
603737,603737.SH,沪,三棵树,25.29,223.91,223.91,28.8385,37.5794,7.5902,1.7449,1.87,58.37,56.67,否
603766,603766.SH,沪,隆鑫通用,13.86,284.62,284.62,18.1896,18.026,3.5047,1.4856,5.05,16.78,17.4,否
603786,603786.SH,沪,科博达,40.29,162.71,162.71,21.0015,21.4085,2.9487,2.295,1.54,109.23,63.11,否
603799,603799.SH,沪,华友钴业,40.59,766.18,768.58,11.1278,11.7944,1.5109,0.7733,1.23,82.17,50.6,否
603809,603809.SH,沪,豪能股份,8.9,81.91,81.91,29.1297,29.8324,2.2018,2.7941,1.69,18.12,50.88,否
603816,603816.SH,沪,顾家家居,24.83,202.58,229.86,13.0067,14.5508,1.9443,1.1393,4.93,37.59,33.95,否
603833,603833.SH,沪,欧派家居,32.07,194.26,194.26,10.5367,12.3504,1.0944,1.1817,7.72,62.93,49.04,否
603848,603848.SH,沪,好太太,13.03,52.43,52.43,23.9115,25.5554,2.0275,3.2378,1.53,34.29,62.0,否
603855,603855.SH,沪,华荣股份,16.03,53.79,54.1,15.5397,15.8317,2.8296,1.7461,6.18,23.26,31.08,否
603867,603867.SH,沪,新化股份,28.2,60.82,61.33,22.3431,23.9089,1.9588,1.9411,2.12,43.98,35.88,否
603868,603868.SH,沪,飞科电器,29.99,130.64,130.64,25.136,28.3515,3.9618,3.527,1.67,45.0,33.36,否
603871,603871.SH,沪,嘉友国际,12.72,174.01,174.01,14.417,14.586,2.8917,2.1712,3.14,16.55,23.14,否
603877,603877.SH,沪,太平鸟,12.5,58.67,58.74,29.624,57.3332,1.3393,0.9303,2.4,18.05,30.75,否
603883,603883.SH,沪,老百姓,13.2,100.17,100.17,25.3561,27.5485,1.5191,0.4496,3.11,20.03,34.1,否
603885,603885.SH,沪,吉祥航空,10.38,225.14,225.14,19.8335,20.5677,2.269,0.9893,1.88,15.97,35.0,否
603889,603889.SH,沪,新澳股份,5.54,52.19,52.59,10.539,10.8593,1.4789,1.0046,4.86,9.68,42.77,否
603890,603890.SH,沪,春秋电子,18.07,80.74,80.74,26.4449,31.1392,2.5144,1.743,1.11,32.58,44.54,否
603897,603897.SH,沪,长城科技,30.66,63.29,63.29,19.7833,19.6981,2.663,0.4558,4.57,60.6,49.41,否
603899,603899.SH,沪,晨光股份,22.21,203.4,203.4,15.301,18.5195,2.3335,0.8024,4.5,32.65,31.98,否
603929,603929.SH,沪,亚翔集成,166.99,356.29,356.29,29.1639,29.5202,14.922,6.1738,1.98,285.0,41.41,否
603969,603969.SH,沪,银龙股份,7.3,62.16,63.62,14.6282,14.7079,2.1496,1.9142,0.96,11.53,36.69,否
603977,603977.SH,沪,国泰集团,11.65,72.37,72.37,29.0579,33.7024,2.1427,3.0453,1.12,17.56,33.66,否
603979,603979.SH,沪,金诚信,75.1,468.47,468.47,18.6029,18.6687,4.2448,3.2315,0.88,89.77,16.34,否
603993,603993.SH,沪,洛阳钼业,18.62,3251.21,3983.62,14.3194,14.5978,4.4425,1.6113,2.05,28.78,35.3,否
603997,603997.SH,沪,继峰股份,11.58,147.33,147.33,22.1622,27.7471,2.679,0.5815,0.92,15.95,27.4,否
605007,605007.SH,沪,五洲特纸,15.09,71.61,71.79,20.3379,21.1973,1.9677,0.7433,1.06,17.98,16.07,否
605009,605009.SH,沪,豪悦护理,24.07,51.76,51.74,21.7994,22.4145,1.6215,1.3076,3.52,43.59,44.78,否
605020,605020.SH,沪,永和股份,32.33,162.6,165.15,20.5623,19.9536,2.7349,2.8016,2.16,51.0,36.61,否
605050,605050.SH,沪,福然德,10.33,50.91,50.91,13.7151,15.0881,1.1656,0.429,3.86,22.79,54.67,否
605056,605056.SH,沪,咸亨国际,14.19,57.24,58.09,22.0032,22.2452,3.3962,1.2104,2.75,30.65,53.7,否
605090,605090.SH,沪,九丰能源,35.68,251.86,252.11,16.0645,17.4686,2.051,1.2944,1.26,55.33,35.51,否
605098,605098.SH,沪,行动教育,55.0,65.59,65.59,18.2073,21.2546,6.2853,7.326,4.9,69.8,21.2,否
605099,605099.SH,沪,共创草坪,33.88,136.24,136.42,19.1492,19.6195,4.523,3.9985,2.45,55.88,39.37,否
605116,605116.SH,沪,奥锐特,19.95,81.03,81.03,20.5816,21.197,3.1626,4.8098,1.69,35.58,43.93,否
605183,605183.SH,沪,确成股份,14.39,59.35,59.75,13.631,13.299,1.6499,2.6721,2.77,23.92,39.84,否
605277,605277.SH,沪,新亚电子,14.72,56.85,57.23,26.2772,26.4044,3.4126,1.4166,1.19,31.5,53.27,否
605305,605305.SH,沪,中际联合,37.19,79.04,79.04,14.0978,14.9566,2.6494,3.9514,2.02,49.77,25.28,否
605319,605319.SH,沪,无锡振华,24.13,84.01,84.48,18.0096,18.0323,2.9368,2.7438,1.86,38.43,37.21,否
605333,605333.SH,沪,沪光股份,17.57,81.53,81.53,19.488,20.5265,2.4299,0.9501,1.14,39.88,55.94,否
605499,605499.SH,沪,东鹏饮料,120.03,811.42,881.26,17.9581,19.5345,4.525,3.9025,4.1,316.98,62.13,否
605507,605507.SH,沪,国邦医药,15.58,121.89,121.89,17.2503,18.6098,1.4512,1.9892,2.75,29.98,48.03,否
605599,605599.SH,沪,菜百股份,16.86,131.13,131.13,10.8217,10.9443,2.9455,0.3761,4.63,28.35,40.53,否
688016,688016.SH,科,心脉医疗,92.46,113.97,113.97,19.3649,21.4791,2.7816,8.2069,2.44,124.3,25.62,否
688029,688029.SH,科,南微医学,74.14,139.27,139.27,25.0552,26.086,3.4341,4.1718,2.01,101.61,27.03,否
688036,688036.SH,科,传音控股,57.81,665.5,665.5,21.1859,26.0497,3.1444,0.925,2.94,104.9,44.89,否
688050,688050.SH,科,爱博医疗,40.48,78.3,78.3,29.5609,30.3994,2.7938,5.1388,0.79,83.83,51.71,否
688076,688076.SH,科,ST诺泰,27.33,86.59,86.59,27.9972,25.5249,2.874,4.4859,1.28,50.86,46.26,否
688093,688093.SH,科,世华科技,25.34,71.05,71.05,17.8913,18.6077,2.5497,6.6386,2.75,45.47,44.27,否
688100,688100.SH,科,威胜信息,25.66,126.17,126.17,22.389,23.1503,3.5044,4.714,1.16,48.87,47.49,否
688117,688117.SH,科,圣诺生物,25.79,56.83,56.83,27.8337,27.0978,4.9676,6.2367,0.97,47.97,46.24,否
688128,688128.SH,科,中国电研,21.95,88.79,88.79,16.3809,18.0859,2.5483,1.8443,2.51,38.29,42.67,否
688155,688155.SH,科,先惠技术,60.02,76.44,76.44,17.1404,17.6979,3.1842,2.1516,1.65,107.77,44.31,否
688169,688169.SH,科,石头科技,116.46,302.27,302.27,21.3014,27.249,2.1323,1.5506,0.45,222.1,47.56,否
688187,688187.SH,科,时代电气,47.6,413.6,633.41,15.3097,16.0181,1.4937,2.1429,2.39,69.27,31.28,否
688208,688208.SH,科,道通科技,25.06,167.95,167.95,18.0389,19.384,4.7693,3.3335,4.26,42.75,41.38,否
688219,688219.SH,科,会通股份,10.36,56.94,56.94,28.9194,31.9743,1.941,0.8021,1.44,15.36,32.55,否
688332,688332.SH,科,中科蓝讯,91.12,162.64,162.64,9.22,72.4802,2.8559,8.4045,1.48,173.0,47.33,否
688334,688334.SH,科,西高院,17.94,56.0,56.79,22.2558,24.2356,1.9037,6.3868,2.5,28.73,37.56,否
688336,688336.SH,科,三生国健,47.65,427.05,427.05,13.8639,14.8884,5.0218,9.6557,0.74,96.6,50.67,否
688349,688349.SH,科,三一重能,14.0,219.27,223.07,20.5997,30.5013,1.6033,0.7645,2.03,33.52,58.23,否
688472,688472.SH,科,阿特斯,10.47,381.44,381.44,25.6354,32.4076,1.6384,0.9831,0.93,24.28,56.88,否
688513,688513.SH,科,苑东生物,45.56,80.43,80.43,29.0103,40.6449,2.7419,6.0208,1.06,80.48,43.39,否
688525,688525.SH,科,佰维存储,238.96,1126.86,1126.86,28.5316,29.5194,13.1476,6.7992,0.09,517.0,53.78,否
688526,688526.SH,科,科前生物,13.09,61.02,61.02,15.6563,18.5191,1.52,6.5462,4.89,20.39,35.8,否
688550,688550.SH,科,瑞联新材,38.79,68.3,68.3,25.0859,26.4481,2.0389,4.0304,2.6,62.9,38.33,否
688566,688566.SH,科,吉贝尔,26.28,52.85,52.85,20.8011,25.1251,2.1584,5.3347,1.97,44.68,41.18,否
688578,688578.SH,科,艾力斯,116.5,524.25,524.25,19.5714,21.1131,6.1953,8.5475,1.03,138.3,15.76,否
688612,688612.SH,科,威迈斯,33.18,85.17,139.09,24.2756,26.452,3.8688,2.2256,1.98,42.26,21.49,否
688778,688778.SH,科,厦钨新能,45.88,231.55,231.55,24.6567,25.65,2.4347,0.8629,1.31,102.58,55.27,否
688779,688779.SH,科,五矿新能,8.16,157.42,157.42,24.8898,24.4172,2.1518,1.1049,0.51,12.78,36.15,否
688789,688789.SH,科,宏华数科,46.23,83.33,83.33,18.0563,20.0738,2.3749,3.8008,1.92,90.0,48.63,否
688799,688799.SH,科,华纳药厂,43.65,58.33,58.33,26.048,46.7994,2.8428,3.9083,0.41,66.88,34.73,否
688819,688819.SH,科,天能股份,21.78,211.72,211.72,16.9899,23.4527,1.275,0.4674,2.52,37.44,41.83,否
920029,920029.BJ,北,开发科技,34.5,69.47,71.39,12.8154,13.1259,2.005,2.606,3.11,108.99,68.35,否
920185,920185.BJ,北,贝特瑞,20.4,228.37,232.19,27.0168,34.3164,1.8501,1.297,1.46,39.88,48.85,否
920186,920186.BJ,北,中科仪,73.4,85.93,164.3,16.4475,124.3886,4.7096,12.0545,0.21,127.0,42.2,否
920599,920599.BJ,北,同力股份,17.0,59.6,78.63,9.3515,9.4497,2.2503,1.2335,4.07,25.92,34.41,否
920982,920982.BJ,北,锦波生物,121.65,67.47,139.98,22.4303,23.3507,7.0752,8.7252,1.23,345.53,64.79,否
