代码,TS代码,板块,简称,池内档位,质量分,10Y ROE均值_%,10Y ROE最低_%,营收5年CAGR_%,净利润5年CAGR_%,毛利率10Y均值_%,净利率10Y均值_%,FCF5Y转化率,FCF正年数占比_%,OCF负年数,分红率5Y均值_%,资产负债率_%,流通市值_亿,总市值_亿,PE_TTM,股息率_%,审计意见,管理层红旗,分红融资比,覆盖,量化警示,review_status,reviewed_date
300033,300033.SZ,创,同花顺,Ⅰ候选,87.9,28.99,19.26,16.217669403923686,13.204109700666633,90.36,51.73,1.056,100.0,0,78.0,40.050000000000004,973.3,1670.9,45.7078,1.73,unqualified_opinion,大股东增减持近1年净减0.7%,12.1,公司页/深度分析/管理层档案,无,pending,
603040,603040.SH,沪,新坐标,Ⅰ候选,83.4,17.89,15.33,16.415086775684973,12.260176351843866,59.43,35.42,0.853,80.0,0,44.5,12.75,96.9,96.9,38.4318,1.66,unqualified_opinion,大股东增减持近1年净减0.8%；高管增减持近1年净减0.6%,2.02,全新,无,pending,
600809,600809.SH,沪,山西汾酒,Ⅰ候选,82.4,32.14,13.75,22.580342320922675,31.59272249307361,72.54,24.4,0.887,100.0,0,53.6,28.74,1495.2,1495.2,14.6867,5.35,unqualified_opinion,大股东增减持近1年净减1.3%,58.83,公司页/深度分析/管理层档案,无,pending,
605118,605118.SH,沪,力鼎光电,Ⅰ候选,80.7,21.96,10.98,14.77097380904262,11.542413387989537,47.34,31.48,0.637,80.0,0,63.8,17.380000000000003,142.2,143.0,46.4621,1.01,unqualified_opinion,大股东增减持近1年净减5.0%,1.59,全新,无,pending,
000848,000848.SZ,深,承德露露,Ⅰ候选,79.2,21.74,18.1,11.269605931206117,7.664676521414271,46.35,20.78,0.95,100.0,0,49.1,34.28,85.1,85.9,12.884,5.94,unqualified_opinion,无,10.06,全新,无,pending,
300470,300470.SZ,创,中密控股,Ⅰ候选,78.9,14.43,11.49,13.860866415903939,12.80180146558758,51.82,24.86,0.731,100.0,0,46.9,17.1,55.2,58.1,17.4646,3.58,unqualified_opinion,无,1.04,公司页/深度分析/管理层档案,无,pending,
002690,002690.SZ,深,美亚光电,Ⅰ候选,78.4,22.02,15.53,9.977984045632681,10.414905993228452,52.8,32.04,0.935,100.0,0,90.9,18.88,68.5,141.5,19.3502,4.36,unqualified_opinion,无,6.09,深度分析/管理层档案,无,pending,
688029,688029.SH,科,南微医学,Ⅰ候选,78.3,17.84,10.25,19.138861092407254,16.962570912057593,63.47,17.06,0.489,100.0,0,40.1,20.53,146.2,146.2,28.6386,1.92,unqualified_opinion,无,0.64,公司页/深度分析/管理层档案,无,pending,
603338,603338.SH,沪,浙江鼎力,Ⅰ候选,77.0,19.33,17.14,23.733850554463398,23.384523789522294,36.87,24.33,0.56,100.0,0,25.7,34.25,293.2,293.2,15.9656,1.99,unqualified_opinion,无,0.86,全新,无,pending,
300832,300832.SZ,创,新产业,Ⅰ候选,76.7,23.84,18.29,15.831328465407513,11.524368739371816,74.7,42.86,0.569,100.0,0,50.3,8.01,351.8,404.6,23.5685,2.32,unqualified_opinion,质押占总股本14%>10%；大股东增减持近1年净减2.0%,3.24,公司页,应收增速>营收,pending,
002595,002595.SZ,深,豪迈科技,Ⅰ候选,76.2,19.35,17.11,15.912720144441938,18.92010356240572,33.59,21.11,0.278,80.0,2,35.4,18.490000000000002,488.5,491.8,21.1078,1.63,unqualified_opinion,无,3.98,全新,无,pending,
605056,605056.SH,沪,咸亨国际,Ⅰ候选,75.9,18.82,6.84,18.03048055375125,2.8403414353054046,37.1,9.76,1.111,100.0,0,82.2,54.03,55.2,56.0,21.4333,2.85,unqualified_opinion,大股东增减持近1年净减4.6%,1.29,全新,无,pending,
300357,300357.SZ,创,我武生物,Ⅰ候选,75.3,19.37,12.78,10.799581390311563,6.41591917629718,95.57,40.44,0.633,100.0,0,32.6,6.41,106.6,115.0,27.5475,1.14,unqualified_opinion,无,4.73,全新,无,pending,
300595,300595.SZ,创,欧普康视,Ⅰ候选,75.3,22.2,10.31,16.40886762365492,4.14540077375849,75.95,43.53,0.83,100.0,0,28.5,13.61,73.8,98.7,21.3988,1.67,unqualified_opinion,无,0.5,全新,无,pending,
603170,603170.SH,沪,宝立食品,Ⅰ候选,74.8,25.29,17.5,26.524297340592383,16.50065368666207,32.48,11.96,0.48,100.0,0,46.4,26.150000000000002,51.5,51.5,18.7605,3.5,unqualified_opinion,大股东增减持近1年净减0.6%,1.46,全新,无,pending,
603605,603605.SH,沪,珀莱雅,Ⅰ候选,74.8,24.5,18.16,23.077475077156606,27.84791135868425,66.6,12.48,0.994,100.0,0,37.1,26.169999999999998,249.6,249.6,13.3693,3.76,unqualified_opinion,无,2.71,公司页/深度分析/管理层档案,股本膨胀>2%,pending,
688008,688008.SH,科,澜起科技,Ⅰ候选,74.3,17.14,4.48,24.506170722022258,14.049179842908588,59.53,35.87,0.721,100.0,0,41.0,6.38,2148.7,2290.9,74.5297,0.31,unqualified_opinion,大股东增减持近1年净减2.3%,0.88,公司页/深度分析/管理层档案,无,pending,
688692,688692.SH,科,达梦数据,Ⅰ候选,73.9,29.69,14.74,23.7363733123898,29.04243345808013,90.96,38.3,0.775,100.0,0,13.7,15.35,158.2,241.6,45.3263,0.8,unqualified_opinion,无,0.18,全新,股本膨胀>2%,pending,
603899,603899.SH,沪,晨光股份,Ⅰ候选,73.6,21.75,14.1,13.790391987124927,1.9089038197926733,22.82,8.27,1.18,100.0,0,51.3,45.36,212.1,212.1,15.8395,4.32,unqualified_opinion,无,5.64,全新,无,pending,
603156,603156.SH,沪,养元饮品,Ⅰ候选,73.4,21.87,12.29,3.8050968288720455,-4.402028353660703,47.77,29.85,1.043,100.0,0,132.4,31.65,509.5,509.5,37.1928,3.71,unqualified_opinion,无,5.23,全新,无,pending,
603043,603043.SH,沪,广州酒家,Ⅰ候选,72.8,19.0,12.37,10.360401348794944,2.128346635367051,42.52,13.03,0.777,100.0,0,49.5,39.75,78.3,78.7,16.4134,3.6,unqualified_opinion,无,2.68,全新,无,pending,
603203,603203.SH,沪,快克智能,Ⅰ候选,72.5,17.8,10.06,15.095019633152273,-3.9124055179996953,52.69,30.35,0.749,100.0,0,85.9,35.31,133.8,135.3,86.2068,1.11,unqualified_opinion,无,2.18,公司页,无,pending,
688093,688093.SH,科,世华科技,Ⅰ候选,72.4,19.63,11.7,26.998022997956106,25.346209585682633,59.92,36.38,0.022,80.0,0,41.8,5.64,60.1,60.1,18.3059,3.25,unqualified_opinion,无,0.33,全新,股本膨胀>2%,pending,
688582,688582.SH,科,芯动联科,Ⅰ候选,72.3,14.78,10.03,36.98395644977492,42.35550080416461,86.19,51.63,0.525,80.0,1,25.2,2.69,163.5,163.5,88.1349,0.36,unqualified_opinion,大股东增减持近1年净减1.0%,0.19,全新,无,pending,
605098,605098.SH,沪,行动教育,Ⅰ候选,72.2,28.21,10.42,16.45910322114661,24.404191420972477,76.44,30.57,1.528,100.0,0,122.2,57.440000000000005,68.2,68.2,18.929,4.71,unqualified_opinion,大股东增减持近1年净减1.8%,2.21,全新,应收增速>营收,pending,
002833,002833.SZ,深,弘亚数控,Ⅰ候选,71.7,22.68,14.38,7.5325148912182005,3.6950661038762433,34.57,22.94,0.462,100.0,0,60.0,29.69,54.9,80.5,18.1637,4.76,unqualified_opinion,无,4.32,全新,无,pending,
300394,300394.SZ,创,天孚通信,Ⅰ候选,71.5,21.88,13.96,42.672465229944855,48.04255739492183,54.03,34.86,0.741,100.0,0,48.4,14.52,2706.8,2712.9,116.8183,0.4,unqualified_opinion,无,1.88,公司页/深度分析/管理层档案,股本膨胀>2%,pending,
605599,605599.SH,沪,菜百股份,Ⅰ候选,71.5,18.6,13.57,32.458529591796356,25.8513021046624,11.48,4.22,0.898,80.0,1,72.6,50.56,115.9,115.9,10.4296,5.23,unqualified_opinion,无,3.02,公司页,无,pending,
688112,688112.SH,科,鼎阳科技,Ⅰ候选,71.3,22.13,7.24,22.214237689747442,21.564323923098993,56.54,24.26,0.574,100.0,0,72.5,8.9,103.1,103.1,65.4677,1.02,unqualified_opinion,高管增减持近1年净减1.0%,0.37,全新,股本膨胀>2%,pending,
000975,000975.SZ,深,山金国际,Ⅰ候选,71.1,11.8,6.32,16.681753082267047,19.059227104236932,36.06,20.67,1.092,100.0,0,53.9,18.65,662.3,727.8,19.1907,1.83,unqualified_opinion,无,9.41,公司页/管理层档案,无,pending,
603919,603919.SH,沪,金徽酒,Ⅰ候选,70.4,12.28,9.11,11.016671870845851,0.35133426928850575,62.29,15.86,0.718,100.0,0,56.7,35.54,90.0,90.0,33.3082,3.92,unqualified_opinion,质押占总股本40%>10%,1.25,全新,无,pending,
688334,688334.SH,科,西高院,Ⅰ候选,70.4,8.19,6.68,20.283827785241627,33.56387587690006,47.16,25.24,1.21,100.0,0,32.1,17.22,57.4,58.3,22.8264,2.44,unqualified_opinion,无,0.31,全新,无,pending,
603587,603587.SH,沪,地素时尚,Ⅰ候选,70.3,23.0,7.13,-3.5864653355282217,-16.191576229992442,75.16,21.59,1.296,100.0,0,76.5,15.57,61.4,61.4,20.4742,3.07,unqualified_opinion,无,1.91,全新,无,pending,
002555,002555.SZ,深,三七互娱,Ⅰ候选,70.0,28.02,17.19,2.086175938463297,-0.9185191862175479,78.24,19.2,1.004,100.0,0,65.6,38.74,305.0,413.0,12.6452,4.9,unqualified_opinion,大股东增减持近1年净减1.0%,1.8,公司页,无,pending,
688663,688663.SH,科,新风光,Ⅰ候选,70.0,16.01,6.98,18.935944412378646,-0.9494327142967607,31.27,12.08,1.178,100.0,1,42.8,61.050000000000004,107.3,107.3,123.7661,0.29,unqualified_opinion,无,0.63,全新,无,pending,
300015,300015.SZ,创,爱尔眼科,Ⅱ候选,69.8,19.33,15.36,13.413747581401125,13.095616480659578,48.81,15.53,1.065,100.0,0,38.2,36.199999999999996,667.6,780.2,30.6415,2.14,unqualified_opinion,质押占总股本11%>10%,0.99,公司页/深度分析/管理层档案,股本膨胀>2%,pending,
300979,300979.SZ,创,华利集团,Ⅱ候选,69.4,35.66,19.03,12.388429712074899,11.286746616722422,24.78,13.91,0.589,100.0,0,64.4,27.57,383.5,383.5,15.4092,6.39,unqualified_opinion,大股东增减持近1年净减1.5%,2.67,公司页/深度分析/管理层档案,无,pending,
603699,603699.SH,沪,纽威股份,Ⅱ候选,69.0,17.49,7.91,16.419086225823555,24.873239404964753,33.91,13.23,0.935,100.0,0,68.2,55.60000000000001,345.9,353.7,20.8334,3.18,unqualified_opinion,大股东增减持近1年净减3.0%,4.64,公司页,无,pending,
605183,605183.SH,沪,确成股份,Ⅱ候选,69.0,14.94,9.49,16.041064382507454,20.756848637459015,34.6,21.48,0.385,100.0,0,37.6,14.360000000000001,64.3,64.7,16.2644,2.88,unqualified_opinion,无,1.3,全新,无,pending,
603868,603868.SH,沪,飞科电器,Ⅱ候选,68.9,26.65,13.86,1.592045062159686,-4.269176229737514,46.52,17.53,1.024,100.0,0,72.4,16.45,138.0,138.0,25.0779,3.16,unqualified_opinion,无,7.65,全新,无,pending,
688677,688677.SH,科,海泰新光,Ⅱ候选,68.8,19.92,10.3,16.971115667474912,11.56053491863922,62.29,31.38,0.376,100.0,0,41.6,17.740000000000002,98.1,98.1,56.8206,0.72,unqualified_opinion,大股东增减持近1年净减3.7%；高管增减持近1年净减3.0%,0.45,全新,股本膨胀>2%,pending,
688526,688526.SH,科,科前生物,Ⅱ候选,68.4,24.38,9.81,2.4075931561771347,-1.418013173140864,76.6,46.63,0.714,100.0,0,42.2,11.48,59.6,59.6,18.9385,5.01,unqualified_opinion,无,0.81,全新,无,pending,
301717,301717.SZ,创,超纯应材,Ⅱ候选,68.3,21.46,17.85,53.7508661366326,47.457148328179,60.44,37.44,0.391,100.0,0,0.0,21.07,61.8,361.0,152.1106,0.0,none,无,0.0,全新,最新年增速异常,pending,
003006,003006.SZ,深,百亚股份,Ⅱ候选,68.2,17.59,14.43,22.798210624450597,2.695716433849471,47.14,10.66,0.671,100.0,0,77.9,31.28,62.8,63.0,31.6653,2.73,unqualified_opinion,大股东增减持近1年净减2.9%,3.28,全新,OCF3Y萎缩>5%,pending,
002832,002832.SZ,深,比音勒芬,Ⅱ候选,68.1,18.05,10.53,13.371304874056001,2.0005100886560934,71.74,20.28,0.531,100.0,0,45.0,29.56,102.9,151.8,24.213,2.71,unqualified_opinion,无,1.62,公司页,OCF3Y萎缩>5%,pending,
605099,605099.SH,沪,共创草坪,Ⅱ候选,68.1,26.01,18.04,12.20616813923947,10.194767682535378,32.88,18.44,0.633,100.0,0,50.1,24.81,119.6,119.8,17.0692,2.79,unqualified_opinion,大股东增减持近1年净减0.6%,2.03,全新,应收增速>营收,pending,
688617,688617.SH,科,惠泰医疗,Ⅱ候选,67.8,22.52,6.87,40.058630022412565,50.62081197234387,70.66,23.54,0.6,100.0,0,26.0,14.280000000000001,355.8,355.8,38.1454,0.39,unqualified_opinion,高管增减持近1年净减1.4%,0.46,公司页,股本膨胀>2%,pending,
300896,300896.SZ,创,爱美客,Ⅱ候选,67.5,27.36,16.15,28.162556260348914,24.598858851507053,91.81,53.68,0.912,100.0,0,49.8,8.35,206.6,282.9,25.8394,1.92,unqualified_opinion,无,1.23,全新,股本膨胀>2%,pending,
000921,000921.SZ,深,海信家电,Ⅱ候选,67.4,22.73,15.62,12.685916653445295,10.71187014720103,21.19,4.96,1.177,100.0,0,47.1,69.25,257.5,386.1,13.9486,4.54,unqualified_opinion,无,4.27,全新,无,pending,
000429,000429.SZ,深,粤高速A,Ⅱ候选,67.3,17.11,11.9,3.352403177555763,12.773243784811728,60.49,47.64,0.876,100.0,0,70.1,46.98,170.0,272.6,17.1008,4.63,unqualified_opinion,无,3.22,全新,无,pending,
301061,301061.SZ,创,匠心家居,Ⅱ候选,67.2,20.94,12.87,20.71690346659054,33.05709348170998,34.02,17.9,0.809,100.0,0,30.4,22.509999999999998,71.8,108.1,14.741,2.33,unqualified_opinion,无,0.5,全新,股本膨胀>2%,pending,
301381,301381.SZ,创,赛维时代,Ⅱ候选,66.9,19.89,-2.01,17.602438104561415,-8.895865223275612,57.87,2.93,1.205,80.0,2,37.4,43.15,94.0,94.1,33.6678,2.15,unqualified_opinion,质押占总股本10%>10%；大股东增减持近1年净减3.0%,0.7,全新,无,pending,
600750,600750.SH,沪,华润江中,Ⅱ候选,66.8,15.47,11.99,11.563629915339835,15.031142918124129,66.31,21.03,0.904,100.0,0,107.7,31.65,147.4,149.0,17.0119,5.89,unqualified_opinion,无,5.61,全新,无,pending,
603658,603658.SH,沪,安图生物,Ⅱ候选,66.5,20.91,12.27,7.252053288960103,7.48976118431508,64.76,28.52,0.523,100.0,0,52.6,26.640000000000004,188.5,188.5,18.9567,3.97,unqualified_opinion,无,1.1,公司页,无,pending,
300009,300009.SZ,创,安科生物,Ⅱ候选,66.2,15.12,4.69,9.23777957656573,16.61493355604229,77.87,22.14,0.849,100.0,0,76.6,14.62,102.4,139.0,19.829,3.0,unqualified_opinion,大股东增减持近1年净减0.5%,1.94,全新,无,pending,
002275,002275.SZ,深,桂林三金,Ⅱ候选,66.0,14.37,9.59,5.483484664078686,9.350803375016747,73.37,22.31,1.18,100.0,0,102.8,25.06,69.8,72.6,17.8448,4.05,unqualified_opinion,大股东增减持近1年净减1.9%,5.36,全新,无,pending,
002956,002956.SZ,深,西麦食品,Ⅱ候选,65.9,14.37,7.73,16.93150392309142,5.493565609508333,50.26,11.35,0.229,40.0,0,62.4,28.410000000000004,52.4,52.4,21.9822,2.29,unqualified_opinion,无,0.8,全新,无,pending,
300019,300019.SZ,创,硅宝科技,Ⅱ候选,65.8,12.78,6.98,19.745985109044597,6.735891148891904,25.52,10.15,0.833,100.0,0,44.0,33.96,52.3,55.7,25.844,2.12,unqualified_opinion,无,0.81,全新,无,pending,
688128,688128.SH,科,中国电研,Ⅱ候选,65.7,15.33,12.66,13.596294529257925,13.697246330550318,30.7,9.28,0.902,80.0,0,43.8,57.3,89.3,89.3,16.5326,3.62,unqualified_opinion,无,1.33,全新,无,pending,
920599,920599.BJ,北,同力股份,Ⅱ候选,65.7,27.62,24.35,18.472014215082243,20.058908446104674,21.3,10.62,0.728,80.0,0,42.3,53.459999999999994,64.0,84.5,9.1433,3.79,unqualified_opinion,大股东增减持近1年净减1.3%,1.34,公司页,无,pending,
000596,000596.SZ,深,古井贡酒,Ⅱ候选,65.4,19.64,14.06,12.844061424924913,14.524283118022584,77.13,19.41,0.555,100.0,0,55.2,31.66,413.4,534.8,26.0629,4.35,unqualified_opinion,无,1.75,公司页,OCF3Y萎缩>5%,pending,
603132,603132.SH,沪,金徽股份,Ⅱ候选,65.4,17.06,10.8,8.96058229716159,8.337465068889681,65.59,27.65,0.448,60.0,0,84.6,60.56,193.1,193.1,27.6594,2.84,unqualified_opinion,质押占总股本63%>10%；大股东增减持近1年净减1.2%,2.06,全新,无,pending,
002979,002979.SZ,深,雷赛智能,Ⅱ候选,65.3,17.8,10.88,14.638125888343922,4.376259097950208,40.67,15.56,0.384,60.0,0,35.8,42.449999999999996,118.1,167.6,55.8439,0.47,unqualified_opinion,无,0.81,公司页,无,pending,
601156,601156.SH,沪,东航物流,Ⅱ候选,65.3,31.98,14.91,9.935339009367006,2.540580797703984,21.58,13.52,1.155,100.0,0,25.1,30.65,181.8,305.6,10.8462,3.52,unqualified_opinion,大股东增减持近1年净减1.8%,1.52,全新,无,pending,
603871,603871.SH,沪,嘉友国际,Ⅱ候选,65.3,24.73,13.26,20.61721133558281,25.91748980799089,15.68,11.35,0.328,80.0,1,43.5,23.78,191.4,191.4,14.5932,3.43,unqualified_opinion,无,1.15,全新,股本膨胀>2%,pending,
688100,688100.SH,科,威胜信息,Ⅱ候选,65.3,16.13,13.72,15.50065644800358,19.27717401578044,35.85,18.87,0.583,100.0,0,39.9,37.79,127.7,127.7,22.6595,1.15,unqualified_opinion,无,1.78,全新,应收增速>营收,pending,
000513,000513.SZ,深,丽珠集团,Ⅱ候选,64.9,17.33,10.28,2.701523304565012,2.496929095782341,64.38,19.91,0.938,100.0,0,64.4,35.18,152.0,237.7,14.196,5.34,unqualified_opinion,无,3.89,全新,无,pending,
002993,002993.SZ,深,奥海科技,Ⅱ候选,64.9,16.59,9.29,19.422058593433377,7.546171077263697,20.53,8.05,0.425,60.0,0,50.9,49.57,87.4,101.2,43.6233,3.23,unqualified_opinion,大股东增减持近1年净减1.5%,0.4,全新,无,pending,
603369,603369.SH,沪,今世缘,Ⅱ候选,64.8,21.11,16.26,14.73256445452682,10.690203975263435,73.8,30.06,0.396,80.0,0,42.7,36.05,385.3,385.3,15.6823,3.88,unqualified_opinion,无,9.5,公司页,OCF3Y萎缩>5%,pending,
603380,603380.SH,沪,易德龙,Ⅱ候选,64.8,18.48,10.48,12.175348975491795,6.224523375678381,25.47,10.71,0.28,60.0,0,37.4,26.919999999999998,53.3,53.3,23.8866,1.8,unqualified_opinion,大股东增减持近1年净减1.2%,1.13,全新,无,pending,
300285,300285.SZ,创,国瓷材料,Ⅱ候选,64.6,12.31,8.47,12.506502425056576,1.5340827259745726,41.1,21.38,0.215,80.0,0,20.1,18.91,515.2,602.1,93.8798,0.25,unqualified_opinion,无,0.49,公司页/深度分析,无,pending,
002287,002287.SZ,深,奇正藏药,Ⅱ候选,64.5,16.67,14.21,10.354481596060495,9.788510645899851,85.13,28.1,0.723,100.0,0,48.2,27.77,113.6,113.9,17.2157,3.19,unqualified_opinion,无,2.68,全新,股本膨胀>2%,pending,
603297,603297.SH,沪,永新光学,Ⅱ候选,64.5,16.53,11.0,10.86338379393883,6.321851018050939,40.8,25.35,0.571,100.0,0,42.3,19.580000000000002,119.1,119.1,57.5088,0.84,unqualified_opinion,大股东增减持近1年净减1.0%,1.1,全新,无,pending,
000963,000963.SZ,深,华东医药,Ⅱ候选,64.0,19.4,13.97,5.302556701140859,3.2291389461118536,30.5,7.42,0.732,100.0,0,34.5,35.52,479.8,480.0,13.8717,3.4,unqualified_opinion,无,2.53,公司页/深度分析/管理层档案,无,pending,
688253,688253.SH,科,英诺特,Ⅱ候选,64.0,32.83,7.14,-16.45805801439505,-24.053636644088094,77.96,34.12,0.94,100.0,0,23.8,9.81,78.2,78.2,154.8008,0.78,unqualified_opinion,无,0.24,全新,无,pending,
600276,600276.SH,沪,恒瑞医药,Ⅱ候选,63.9,17.82,10.31,2.6629779639301354,4.111592900072503,86.19,21.75,0.819,80.0,0,23.1,11.55,2935.6,3054.4,39.5326,0.43,unqualified_opinion,无,4.19,公司页/深度分析/管理层档案,无,pending,
603508,603508.SH,沪,思维列控,Ⅱ候选,63.9,8.19,-13.47,12.492627131811984,,62.0,30.06,0.652,100.0,0,94.0,9.2,81.4,81.4,14.2747,2.46,unqualified_opinion,大股东增减持近1年净减0.5%,1.85,全新,无,pending,
601216,601216.SH,沪,君正集团,Ⅱ候选,63.6,14.81,10.35,11.259549153780313,-6.875779216501954,32.6,22.28,0.673,60.0,0,61.5,28.59,406.7,406.7,13.2723,7.88,unqualified_opinion,无,2.24,全新,无,pending,
002262,002262.SZ,深,恩华药业,Ⅱ候选,63.5,17.19,13.79,11.952403626778384,7.726627165306432,66.03,17.11,0.565,100.0,0,29.8,12.959999999999999,199.4,228.5,20.822,1.78,unqualified_opinion,无,2.16,全新,应收增速>营收,pending,
603360,603360.SH,沪,百傲化学,Ⅱ候选,63.5,22.61,13.87,18.126065499817322,6.728223968096625,49.82,27.46,0.739,80.0,0,40.8,47.660000000000004,92.0,92.0,50.4486,0.0,unqualified_opinion,质押占总股本35%>10%,3.97,全新,股本膨胀>2%,pending,
603337,603337.SH,沪,杰克科技,Ⅱ候选,63.4,16.22,11.03,13.342684975648101,22.402747934725586,29.12,10.58,0.78,80.0,2,34.8,37.71,177.3,180.8,20.7789,1.92,unqualified_opinion,无,0.94,全新,无,pending,
601567,601567.SH,沪,三星电气,Ⅱ候选,63.3,12.61,6.75,15.152426542798203,5.382370705853612,30.44,13.22,0.522,80.0,0,57.9,54.33,188.2,188.2,31.8867,1.08,unqualified_opinion,无,1.25,公司页,无,pending,
688150,688150.SH,科,莱特光电,Ⅱ候选,63.3,10.77,4.56,14.992168707621211,25.48708162051532,58.76,25.76,0.28,80.0,2,44.3,14.78,148.1,148.1,73.0754,0.32,unqualified_opinion,无,0.37,全新,无,pending,
300718,300718.SZ,创,长盛轴承,Ⅱ候选,63.2,13.27,7.05,14.110948203156282,12.712828853342195,35.22,19.77,0.741,100.0,0,64.3,13.41,108.6,163.9,64.3,0.83,unqualified_opinion,大股东增减持近1年净减2.6%；高管增减持近1年净减1.2%,1.74,公司页/深度分析,无,pending,
601126,601126.SH,沪,四方股份,Ⅱ候选,63.2,10.53,4.57,16.225808751210693,19.697786197976864,36.73,8.81,1.411,100.0,0,83.6,61.46,337.9,341.2,39.3453,2.93,unqualified_opinion,无,2.18,公司页,无,pending,
603233,603233.SH,沪,大参林,Ⅱ候选,63.2,19.35,12.19,13.528494270812018,4.6432187927164525,38.06,5.64,2.015,100.0,0,57.6,67.30000000000001,214.0,214.0,15.691,4.77,unqualified_opinion,大股东增减持近1年净减2.0%,2.06,全新,股本膨胀>2%,pending,
688198,688198.SH,科,佰仁医疗,Ⅱ候选,63.2,15.09,5.62,27.79807043768967,26.29597716212888,89.32,34.04,0.134,80.0,0,78.5,19.09,97.3,97.3,58.5816,1.13,unqualified_opinion,无,0.78,全新,应收增速>营收,pending,
301029,301029.SZ,创,怡合达,Ⅱ候选,63.1,18.36,11.26,19.501057709583037,13.53897305626528,40.53,18.75,0.345,100.0,0,45.6,13.26,114.8,161.2,29.3943,2.94,unqualified_opinion,大股东增减持近1年净减8.3%,0.84,全新,股本膨胀>2%,pending,
600007,600007.SH,沪,中国国贸,Ⅱ候选,63.0,12.1,10.08,4.006400593181048,7.807024621928327,55.15,28.8,1.443,100.0,0,80.7,14.85,190.9,190.9,15.862,5.65,unqualified_opinion,无,10.22,公司页,无,pending,
603606,603606.SH,沪,东方电缆,Ⅱ候选,63.0,17.27,4.12,16.502518075042726,7.456677625778263,21.11,10.44,0.465,80.0,1,26.5,46.69,281.0,281.0,20.6137,1.37,unqualified_opinion,无,1.0,公司页/深度分析/管理层档案,无,pending,
688486,688486.SH,科,龙迅股份,Ⅱ候选,62.8,21.54,10.09,33.10119748655591,37.22234761674215,59.14,28.9,0.365,80.0,0,50.7,5.94,75.6,75.6,41.3966,1.83,unqualified_opinion,大股东增减持近1年净减2.6%,0.28,全新,应收增速>营收；股本膨胀>2%,pending,
605060,605060.SH,沪,联德股份,Ⅱ候选,62.6,15.81,8.19,13.358464954808458,6.48366964119742,39.46,20.76,0.17,60.0,0,39.6,17.169999999999998,97.9,98.6,38.2415,0.85,unqualified_opinion,大股东增减持近1年净减2.3%,0.52,全新,无,pending,
688248,688248.SH,科,南网科技,Ⅱ候选,62.5,10.77,7.55,27.01723153145452,37.51551747740769,28.79,9.58,0.781,80.0,0,37.3,35.53,241.1,241.1,59.8966,0.69,unqualified_opinion,无,0.53,公司页,无,pending,
000786,000786.SZ,深,北新建材,Ⅱ候选,62.4,15.18,3.15,8.512775330097423,-0.1682887983468384,32.19,15.5,0.941,100.0,0,37.4,21.6,275.1,277.1,11.781,4.21,unqualified_opinion,无,3.37,全新,无,pending,
601633,601633.SH,沪,长城汽车,Ⅱ候选,62.3,12.72,8.46,16.61811726091802,12.966216294143207,18.48,5.66,1.503,80.0,1,35.8,60.99,928.3,1281.6,21.3859,2.34,unqualified_opinion,无,3.72,全新,无,pending,
688797,688797.SH,科,臻宝科技,Ⅱ候选,62.3,19.14,17.04,31.034973255895416,40.44601096646605,45.84,23.18,-0.027,25.0,0,0.0,25.230000000000004,77.2,410.4,165.5901,0.0,none,无,0.0,全新,5Y累计FCF为负,pending,
002222,002222.SZ,深,福晶科技,Ⅱ候选,62.2,15.66,11.04,16.202126440924825,16.245882339930382,55.65,28.01,0.245,100.0,0,41.7,21.42,301.5,302.8,91.4731,0.31,unqualified_opinion,大股东增减持近1年净减1.6%,2.58,全新,股本膨胀>2%,pending,
300693,300693.SZ,创,盛弘股份,Ⅱ候选,62.2,19.22,8.12,35.031457475236415,34.91661962662198,44.94,12.59,0.683,80.0,0,27.3,47.8,108.2,125.5,22.9968,2.06,unqualified_opinion,大股东增减持近1年净减3.9%,1.58,公司页,股本膨胀>2%,pending,
002152,002152.SZ,深,广电运通,Ⅱ候选,61.9,9.04,7.22,13.46253084650515,5.481155432769413,38.19,14.63,1.159,100.0,0,63.4,48.08,244.5,244.6,29.8972,4.77,unqualified_opinion,质押占总股本14%>10%,1.31,全新,无,pending,
300951,300951.SZ,创,博硕科技,Ⅱ候选,61.7,28.87,6.07,15.348400882989832,-3.5188324530169846,41.78,21.48,0.581,100.0,0,53.0,22.25,122.4,137.0,933.7926,0.74,unqualified_opinion,大股东增减持近1年净减1.4%,0.46,全新,股本膨胀>2%,pending,
301087,301087.SZ,创,可孚医疗,Ⅱ候选,61.7,19.43,5.09,7.3577954934727074,-2.696037168798371,42.94,9.88,0.173,60.0,1,90.8,26.040000000000003,100.6,122.4,30.1019,3.17,unqualified_opinion,无,0.39,全新,无,pending,
002007,002007.SZ,深,华兰生物,Ⅱ候选,61.6,16.33,7.34,-1.766134138795905,-11.521148584505248,64.9,32.69,0.532,100.0,0,68.8,12.26,205.2,238.1,29.4679,5.37,unqualified_opinion,无,8.46,全新,无,pending,
002293,002293.SZ,深,罗莱生活,Ⅱ候选,61.6,13.76,10.17,-0.2950404377521587,-2.5997514193305538,46.12,10.96,1.02,100.0,0,100.4,32.16,94.2,95.0,16.2697,6.16,unqualified_opinion,无,3.59,全新,无,pending,
600415,600415.SH,沪,小商品城,Ⅱ候选,61.6,11.69,6.92,39.845415398217995,35.53252404864313,37.26,21.39,0.738,60.0,1,45.5,48.14,719.4,719.4,16.0168,4.57,unqualified_opinion,无,17.44,公司页/深度分析/管理层档案,无,pending,
300144,300144.SZ,创,宋城演艺,Ⅱ候选,61.5,6.38,-20.06,20.12449984539526,,62.35,5.21,1.747,100.0,0,57.1,14.530000000000001,158.3,159.9,20.9008,4.08,unqualified_opinion,质押占总股本13%>10%,1.03,全新,无,pending,
002517,002517.SZ,深,恺英网络,Ⅱ候选,61.4,18.25,-45.63,28.109022920061676,50.96809087658445,73.93,19.54,0.935,100.0,0,13.3,24.27,327.2,372.0,15.6158,0.57,unqualified_opinion,无,0.61,全新,利润增速显著快于营收,pending,
300049,300049.SZ,创,福瑞医科,Ⅱ候选,61.4,7.58,2.64,14.588570517268117,23.412103383405338,73.13,13.44,0.567,100.0,0,15.9,28.13,98.8,111.7,67.2313,0.35,unqualified_opinion,无,0.41,全新,无,pending,
301286,301286.SZ,创,侨源股份,Ⅱ候选,61.4,21.58,8.58,8.003133360392646,-0.14042765102911803,44.13,22.07,0.252,60.0,0,28.6,6.76,71.4,177.0,69.9576,1.02,unqualified_opinion,无,0.4,全新,无,pending,
600033,600033.SH,沪,福建高速,Ⅱ候选,61.3,8.09,4.83,5.563688044692938,15.30886350120837,58.49,35.32,1.522,100.0,0,41.1,15.02,99.9,99.9,10.9606,3.32,unqualified_opinion,无,1.97,全新,无,pending,
601579,601579.SH,沪,会稽山,Ⅱ候选,61.3,6.08,3.83,10.455046124613476,-3.2861760005797547,46.02,15.54,1.152,100.0,0,68.5,18.38,115.4,115.4,41.3036,1.22,unqualified_opinion,质押占总股本25%>10%,0.53,全新,无,pending,
603279,603279.SH,沪,景津装备,Ⅱ候选,61.3,17.54,11.59,11.809607187291293,0.22747274030014974,30.86,12.35,0.796,100.0,0,68.3,47.83,65.5,65.5,16.0869,7.04,unqualified_opinion,大股东增减持近1年净减2.0%,4.96,全新,无,pending,
603766,603766.SH,沪,隆鑫通用,Ⅱ候选,61.3,10.54,4.8,12.888784558900944,28.702571429253098,18.09,6.54,1.776,100.0,0,51.8,44.379999999999995,303.3,303.3,19.3839,4.74,unqualified_opinion,质押占总股本20%>10%,7.15,全新,无,pending,
002138,002138.SZ,深,顺络电子,Ⅱ候选,61.2,12.38,8.79,14.174461212371025,13.822339470133226,35.21,16.93,0.245,60.0,0,44.7,44.16,340.9,358.7,36.5216,1.78,unqualified_opinion,大股东增减持近1年净减1.1%,1.06,全新,无,pending,
300724,300724.SZ,创,捷佳伟创,Ⅱ候选,61.2,20.29,15.45,30.779550753607097,38.60102151045375,30.72,16.45,0.773,80.0,3,14.4,46.33,152.6,183.1,15.7598,2.28,unqualified_opinion,大股东增减持近1年净减2.3%,0.42,全新,OCF负年数≥3,pending,
603235,603235.SH,沪,天新药业,Ⅱ候选,61.2,33.38,11.48,0.3573226702973331,-7.783410855453221,46.22,31.69,0.205,80.0,0,36.3,20.57,108.6,108.6,19.5659,2.2,unqualified_opinion,无,0.66,全新,无,pending,
300418,300418.SZ,创,昆仑万维,Ⅱ候选,61.1,16.57,-12.98,24.51103535464616,,74.56,35.3,8.016,60.0,1,2.0,22.68,533.6,583.8,166.4058,0.0,unqualified_opinion,无,0.19,全新,无,pending,
002508,002508.SZ,深,老板电器,Ⅱ候选,61.0,21.16,10.85,4.471778277400507,-5.992506919175877,52.78,17.31,0.97,100.0,0,51.0,32.75,149.8,151.7,13.5121,6.23,unqualified_opinion,无,7.07,全新,OCF3Y萎缩>5%,pending,
605389,605389.SH,沪,长龄液压,Ⅱ候选,61.0,20.31,4.67,4.375966282456578,-9.700611934488645,32.96,20.16,0.122,80.0,0,64.3,12.29,117.9,124.4,93.9411,1.05,unqualified_opinion,高管增减持近1年净减6.8%,0.5,全新,无,pending,
002946,002946.SZ,深,新乳业,Ⅱ候选,60.9,15.48,11.77,10.728532303608995,21.120598654149813,29.17,4.54,1.518,100.0,0,34.0,56.510000000000005,132.5,134.1,16.7718,2.96,unqualified_opinion,无,1.8,全新,无,pending,
300634,300634.SZ,创,彩讯股份,Ⅱ候选,60.9,11.54,7.83,19.879762503884614,14.960638564907992,42.59,18.94,0.452,60.0,0,27.9,13.83,88.2,91.6,40.8914,0.71,unqualified_opinion,无,0.44,全新,无,pending,
688480,688480.SH,科,赛恩斯,Ⅱ候选,60.9,12.15,9.64,28.123480116105213,17.434903121500444,30.63,11.58,0.305,80.0,0,39.3,43.15,66.8,66.8,53.3761,0.6,unqualified_opinion,无,0.43,全新,无,pending,
603129,603129.SH,沪,春风动力,Ⅱ候选,60.8,20.44,12.48,34.26364581074086,37.42550047553195,29.53,6.87,1.423,80.0,0,34.0,59.85,455.1,455.1,26.1861,1.42,unqualified_opinion,大股东增减持近1年净减1.8%,0.82,公司页/深度分析/管理层档案,应收增速>营收,pending,
000651,000651.SZ,深,格力电器,Ⅱ候选,60.7,25.54,19.46,0.07271002179960462,5.31432453142473,28.96,13.93,1.064,80.0,0,54.6,61.73,2148.9,2183.4,7.8348,7.69,unqualified_opinion,质押占总股本17%>10%；大股东增减持近1年净减0.8%,30.14,公司页/深度分析,无,pending,
300777,300777.SZ,创,中简科技,Ⅱ候选,60.6,16.09,7.04,16.782739734834063,6.222152551792148,73.99,53.4,0.009,60.0,0,22.7,9.77,97.5,99.5,175.5286,1.01,unqualified_opinion,无,0.21,全新,无,pending,
605116,605116.SH,沪,奥锐特,Ⅱ候选,60.6,16.0,11.63,18.66447911936957,23.362836910842645,52.11,22.3,-0.103,40.0,0,31.2,37.05,79.8,79.8,21.384,1.72,unqualified_opinion,大股东增减持近1年净减1.8%；高管增减持近1年净减1.0%,1.27,全新,5Y累计FCF为负,pending,
300957,300957.SZ,创,贝泰妮,Ⅱ候选,60.4,34.49,8.11,15.24065694324035,-1.0107315917946114,76.91,17.44,0.665,100.0,0,39.9,24.42,142.4,142.4,25.8456,2.37,unqualified_opinion,大股东增减持近1年净减5.1%,0.52,全新,应收增速>营收,pending,
605499,605499.SH,沪,东鹏饮料,Ⅱ候选,60.1,39.3,22.05,33.3080340821418,40.29714430538651,45.19,15.75,1.054,100.0,0,67.1,64.73,814.0,884.0,18.0149,4.09,unqualified_opinion,无,4.27,公司页/深度分析/管理层档案,应收增速>营收；股本膨胀>2%,pending,
002273,002273.SZ,深,水晶光电,Ⅱ候选,60.0,9.68,6.43,16.537015976828574,20.485097103238225,28.61,15.52,0.413,60.0,0,50.9,20.43,340.0,346.1,28.9384,1.2,unqualified_opinion,大股东增减持近1年净减0.9%,0.66,全新,无,pending,
300298,300298.SZ,创,三诺生物,Ⅱ候选,60.0,9.45,0.61,18.249841001341082,-34.7666984973387,60.21,11.56,1.35,100.0,0,41.2,42.230000000000004,71.7,89.2,66.8642,0.0,unqualified_opinion,质押占总股本14%>10%,1.26,全新,无,pending,
