代码,Yahoo代码,行业,最新价,流通市值_亿港元,PE_TTM,距52周高点跌幅_%,52周高点,营收5年CAGR_%,净利润5年CAGR_%,最新季度营收同比_%,最新季度净利润同比_%,营业利润占比_%,ROE_%,资产负债率_%,经营现金流_原始值,数据日期,待核验项,已在Watchlist
00325,0325.HK,Consumer Cyclical,71.0,175.37,23.839353,42.14,122.7,107.61,nan,,,,22.09,0.82,896927000.0,2026-08-13,毛利率≥25%；自由现金流最近一年为正；行业归类与普通股身份；利润质量及每股增长；红筹/H股/香港本地属性确认；老千股风险排查,否
00780,0780.HK,Consumer Cyclical,13.49,317.55,11.03247,46.93,25.42,43.35,nan,,,,10.51,12.89,4310911000.0,2026-08-13,毛利率≥25%；自由现金流最近一年为正；行业归类与普通股身份；利润质量及每股增长；红筹/H股/香港本地属性确认；老千股风险排查,否
00788,0788.HK,Communication Services,9.315,434.67,10.474999,27.51,12.85,2.9,9.79,,,,5.7,26.88,56116000000.0,2026-08-13,毛利率≥25%；自由现金流最近一年为正；行业归类与普通股身份；利润质量及每股增长；红筹/H股/香港本地属性确认；老千股风险排查,否
00836,0836.HK,Utilities,18.2,942.21,6.490728,17.87,22.16,-0.42,25.6,,,,12.1,53.31,44650887000.0,2026-08-13,毛利率≥25%；自由现金流最近一年为正；行业归类与普通股身份；利润质量及每股增长；红筹/H股/香港本地属性确认；老千股风险排查,否
00867,0867.HK,Healthcare,11.84,288.07,16.538424,24.25,15.63,-3.54,-22.98,,,,8.56,3.59,758421000.0,2026-08-13,毛利率≥25%；自由现金流最近一年为正；行业归类与普通股身份；利润质量及每股增长；红筹/H股/香港本地属性确认；老千股风险排查,否
01099,1099.HK,Healthcare,16.74,224.62,6.342832,25.07,22.34,1.37,-5.67,,,,8.52,18.18,14138206000.0,2026-08-13,毛利率≥25%；自由现金流最近一年为正；行业归类与普通股身份；利润质量及每股增长；红筹/H股/香港本地属性确认；老千股风险排查,否
01208,1208.HK,Basic Materials,8.36,1073.93,12.366353,30.1,11.96,24.09,43.5,,,,12.86,24.96,2689500000.0,2026-08-13,毛利率≥25%；自由现金流最近一年为正；行业归类与普通股身份；利润质量及每股增长；红筹/H股/香港本地属性确认；老千股风险排查,否
01318,1318.HK,Consumer Defensive,49.92,244.7,17.460312,55.43,112.0,40.29,50.66,,,,25.8,1.38,1199426000.0,2026-08-13,毛利率≥25%；自由现金流最近一年为正；行业归类与普通股身份；利润质量及每股增长；红筹/H股/香港本地属性确认；老千股风险排查,否
01364,1364.HK,Consumer Cyclical,22.94,545.51,13.627017,26.66,31.28,32.44,103.93,,,,53.39,39.16,2408612000.0,2026-08-13,毛利率≥25%；自由现金流最近一年为正；行业归类与普通股身份；利润质量及每股增长；红筹/H股/香港本地属性确认；老千股风险排查,否
02259,2259.HK,Basic Materials,128.2,3430.63,21.799014,52.16,268.0,43.6,105.82,,,,19.12,5.2,2402470000.0,2026-08-13,毛利率≥25%；自由现金流最近一年为正；行业归类与普通股身份；利润质量及每股增长；红筹/H股/香港本地属性确认；老千股风险排查,否
02714,2714.HK,Consumer Defensive,34.66,107.45,17.44157,31.64,50.7,4.91,5.29,,,,19.93,40.9,30056186914.47,2026-08-13,毛利率≥25%；自由现金流最近一年为正；行业归类与普通股身份；利润质量及每股增长；红筹/H股/香港本地属性确认；老千股风险排查,否
02788,2788.HK,Basic Materials,17.5,363.12,10.311505,48.47,33.96,11.46,45.79,,,,28.38,44.41,4925305000.0,2026-08-13,毛利率≥25%；自由现金流最近一年为正；行业归类与普通股身份；利润质量及每股增长；红筹/H股/香港本地属性确认；老千股风险排查,否
02921,2921.HK,,42.22,494.44,17.466035,,,,,,,,nan,,,2026-08-13,毛利率≥25%；自由现金流最近一年为正；行业归类与普通股身份；利润质量及每股增长；红筹/H股/香港本地属性确认；老千股风险排查,否
02997,2997.HK,,52.7,280.89,15.25212,,,,,,,,nan,,,2026-08-13,毛利率≥25%；自由现金流最近一年为正；行业归类与普通股身份；利润质量及每股增长；红筹/H股/香港本地属性确认；老千股风险排查,否
03355,3355.HK,Technology,38.64,156.75,22.79646,32.21,57.0,14.26,18.17,,,,27.85,16.08,816725000.0,2026-08-13,毛利率≥25%；自由现金流最近一年为正；行业归类与普通股身份；利润质量及每股增长；红筹/H股/香港本地属性确认；老千股风险排查,否
06031,6031.HK,Industrials,18.59,134.03,17.926712,31.55,27.16,3.53,25.14,,,,9.52,14.27,19975261000.0,2026-08-13,毛利率≥25%；自由现金流最近一年为正；行业归类与普通股身份；利润质量及每股增长；红筹/H股/香港本地属性确认；老千股风险排查,否
06656,6656.HK,Industrials,318.8,452.7,24.547625,52.35,669.0,1142.49,nan,,,,77.05,20.65,-199990000.0,2026-08-13,毛利率≥25%；自由现金流最近一年为正；行业归类与普通股身份；利润质量及每股增长；红筹/H股/香港本地属性确认；老千股风险排查,否
06936,6936.HK,Industrials,32.42,148.81,13.211084,31.23,47.14,4.84,21.66,,,,11.19,21.2,27555275000.0,2026-08-13,毛利率≥25%；自由现金流最近一年为正；行业归类与普通股身份；利润质量及每股增长；红筹/H股/香港本地属性确认；老千股风险排查,否
07618,7618.HK,Consumer Cyclical,13.67,370.87,14.480932,20.38,17.17,,,,,,nan,,,2026-08-13,毛利率≥25%；自由现金流最近一年为正；行业归类与普通股身份；利润质量及每股增长；红筹/H股/香港本地属性确认；老千股风险排查,否
09973,9973.HK,Consumer Cyclical,25.24,594.4,6.797525,27.84,34.98,48.01,44.79,,,,37.47,7.73,20130000000.0,2026-08-13,毛利率≥25%；自由现金流最近一年为正；行业归类与普通股身份；利润质量及每股增长；红筹/H股/香港本地属性确认；老千股风险排查,否
02899,2899.HK,Basic Materials,34.46,2063.81,13.090781,26.65,46.98,8.9,37.21,,,,27.91,32.13,75429516296.0,2026-08-13,毛利率≥25%；自由现金流最近一年为正；行业归类与普通股身份；利润质量及每股增长；红筹/H股/香港本地属性确认；老千股风险排查,否
06862,6862.HK,Consumer Cyclical,11.59,646.03,13.320747,35.11,17.86,11.67,43.36,,,,40.44,26.87,5664189000.0,2026-08-13,毛利率≥25%；自由现金流最近一年为正；行业归类与普通股身份；利润质量及每股增长；红筹/H股/香港本地属性确认；老千股风险排查,否
06886,6886.HK,Financial Services,16.92,290.86,7.79859,22.88,21.94,1.74,14.02,,,,7.92,28.16,-12601571386.35,2026-08-13,毛利率≥25%；自由现金流最近一年为正；行业归类与普通股身份；利润质量及每股增长；红筹/H股/香港本地属性确认；老千股风险排查,否
02588,2588.HK,Industrials,74.5,517.03,8.402025,18.98,91.95,4.01,239.83,,,,11.51,65.17,2938049000.0,2026-08-13,毛利率≥25%；自由现金流最近一年为正；行业归类与普通股身份；利润质量及每股增长；红筹/H股/香港本地属性确认；老千股风险排查,否
02600,2600.HK,Basic Materials,8.235,324.79,8.279069,47.04,15.55,-6.07,44.6,,,,16.92,28.01,34092341000.0,2026-08-13,毛利率≥25%；自由现金流最近一年为正；行业归类与普通股身份；利润质量及每股增长；红筹/H股/香港本地属性确认；老千股风险排查,否
02611,2611.HK,Financial Services,14.42,505.57,10.086148,22.31,18.56,21.35,34.19,,,,8.42,24.11,81138252377.0,2026-08-13,毛利率≥25%；自由现金流最近一年为正；行业归类与普通股身份；利润质量及每股增长；红筹/H股/香港本地属性确认；老千股风险排查,否
02618,2618.HK,Industrials,14.17,938.62,11.710744,15.45,16.76,16.48,nan,,,,12.16,18.02,18765124000.0,2026-08-13,毛利率≥25%；自由现金流最近一年为正；行业归类与普通股身份；利润质量及每股增长；红筹/H股/香港本地属性确认；老千股风险排查,否
02688,2688.HK,Utilities,47.08,532.95,7.621103,36.21,73.8,0.56,0.21,,,,12.35,18.62,10433000000.0,2026-08-13,毛利率≥25%；自由现金流最近一年为正；行业归类与普通股身份；利润质量及每股增长；红筹/H股/香港本地属性确认；老千股风险排查,否
02689,2689.HK,Basic Materials,7.995,375.14,9.879184,19.81,9.97,-3.99,-52.13,,,,1.56,49.88,-794199000.0,2026-08-13,毛利率≥25%；自由现金流最近一年为正；行业归类与普通股身份；利润质量及每股增长；红筹/H股/香港本地属性确认；老千股风险排查,否
86618,86618.HK,,33.98,1091.1,20.22619,46.7,63.75,,,,,,nan,,,2026-08-13,毛利率≥25%；自由现金流最近一年为正；行业归类与普通股身份；利润质量及每股增长；红筹/H股/香港本地属性确认；老千股风险排查,否
89618,89618.HK,,105.9,2643.81,23.22481,19.47,131.5,,,,,,nan,,,2026-08-13,毛利率≥25%；自由现金流最近一年为正；行业归类与普通股身份；利润质量及每股增长；红筹/H股/香港本地属性确认；老千股风险排查,否
89988,89988.HK,,104.6,20057.05,18.956144,38.65,170.5,,,,,,nan,,,2026-08-13,毛利率≥25%；自由现金流最近一年为正；行业归类与普通股身份；利润质量及每股增长；红筹/H股/香港本地属性确认；老千股风险排查,否
02883,2883.HK,Energy,6.91,125.15,7.43841,41.14,11.74,12.14,17.66,,,,8.25,20.0,11289935638.0,2026-08-13,毛利率≥25%；自由现金流最近一年为正；行业归类与普通股身份；利润质量及每股增长；红筹/H股/香港本地属性确认；老千股风险排查,否
09636,9636.HK,Consumer Defensive,29.0,134.27,12.219227,65.5,84.05,22.85,26.02,,,,31.04,0.08,824247000.0,2026-08-13,毛利率≥25%；自由现金流最近一年为正；行业归类与普通股身份；利润质量及每股增长；红筹/H股/香港本地属性确认；老千股风险排查,否
00010,0010.HK,Real Estate,12.78,174.01,12.216805,27.14,17.54,-1.63,-20.42,,,,1.39,23.33,6062000000.0,2026-08-13,毛利率≥25%；自由现金流最近一年为正；行业归类与普通股身份；利润质量及每股增长；红筹/H股/香港本地属性确认；老千股风险排查,否
01378,1378.HK,Basic Materials,22.7,2228.91,8.183877,45.12,41.36,7.22,37.53,,,,17.07,29.56,38995459000.0,2026-08-13,毛利率≥25%；自由现金流最近一年为正；行业归类与普通股身份；利润质量及每股增长；红筹/H股/香港本地属性确认；老千股风险排查,否
01415,1415.HK,Technology,22.42,195.05,12.928529,47.93,43.06,46.37,32.68,,,,27.12,10.85,316306000.0,2026-08-13,毛利率≥25%；自由现金流最近一年为正；行业归类与普通股身份；利润质量及每股增长；红筹/H股/香港本地属性确认；老千股风险排查,否
01428,1428.HK,Financial Services,7.0,118.79,17.721519,58.53,16.88,4.57,2.6,,,,30.86,51.4,-540421000.0,2026-08-13,毛利率≥25%；自由现金流最近一年为正；行业归类与普通股身份；利润质量及每股增长；红筹/H股/香港本地属性确认；老千股风险排查,否
00856,0856.HK,Technology,10.68,152.72,10.9359,16.04,12.72,8.08,18.03,,,,13.35,21.48,1954632000.0,2026-08-13,毛利率≥25%；自由现金流最近一年为正；行业归类与普通股身份；利润质量及每股增长；红筹/H股/香港本地属性确认；老千股风险排查,否
00857,0857.HK,Energy,9.4,1983.3,9.345923,23.08,12.22,-4.01,1.88,,,,9.92,12.51,412510000000.0,2026-08-13,毛利率≥25%；自由现金流最近一年为正；行业归类与普通股身份；利润质量及每股增长；红筹/H股/香港本地属性确认；老千股风险排查,否
00868,0868.HK,Basic Materials,8.785,388.91,11.500519,28.87,12.35,-2.87,-15.53,,,,7.41,10.09,5321500000.0,2026-08-13,毛利率≥25%；自由现金流最近一年为正；行业归类与普通股身份；利润质量及每股增长；红筹/H股/香港本地属性确认；老千股风险排查,否
01128,1128.HK,Consumer Cyclical,5.77,303.79,18.612903,22.03,7.4,72.54,nan,,,,-12.07,110.76,7369391000.0,2026-08-13,毛利率≥25%；自由现金流最近一年为正；行业归类与普通股身份；利润质量及每股增长；红筹/H股/香港本地属性确认；老千股风险排查,否
01133,1133.HK,Industrials,17.36,117.28,12.517366,39.89,28.88,22.86,200.1,,,,14.98,7.98,2284202514.81,2026-08-13,毛利率≥25%；自由现金流最近一年为正；行业归类与普通股身份；利润质量及每股增长；红筹/H股/香港本地属性确认；老千股风险排查,否
01138,1138.HK,Energy,13.69,177.42,12.008772,38.88,22.4,8.48,40.33,,,,8.7,38.48,7389147000.0,2026-08-13,毛利率≥25%；自由现金流最近一年为正；行业归类与普通股身份；利润质量及每股增长；红筹/H股/香港本地属性确认；老千股风险排查,否
01258,1258.HK,Basic Materials,14.18,553.3,17.440517,25.56,19.05,-5.82,14.94,,,,16.26,1.88,938657000.0,2026-08-13,毛利率≥25%；自由现金流最近一年为正；行业归类与普通股身份；利润质量及每股增长；红筹/H股/香港本地属性确认；老千股风险排查,否
01286,1286.HK,Industrials,8.335,162.28,19.689271,29.36,11.8,5.38,7.66,,,,12.96,25.89,1258721000.0,2026-08-13,毛利率≥25%；自由现金流最近一年为正；行业归类与普通股身份；利润质量及每股增长；红筹/H股/香港本地属性确认；老千股风险排查,否
00659,0659.HK,Industrials,7.79,355.69,14.99083,18.6,9.57,-7.89,8.24,,,,5.87,19.75,2448700000.0,2026-08-13,毛利率≥25%；自由现金流最近一年为正；行业归类与普通股身份；利润质量及每股增长；红筹/H股/香港本地属性确认；老千股风险排查,否
00688,0688.HK,Real Estate,13.48,1475.37,9.992515,19.28,16.7,-2.31,-18.29,,,,3.27,27.05,16733455000.0,2026-08-13,毛利率≥25%；自由现金流最近一年为正；行业归类与普通股身份；利润质量及每股增长；红筹/H股/香港本地属性确认；老千股风险排查,否
09992,9992.HK,Consumer Cyclical,154.2,2053.94,13.835497,54.62,339.8,42.66,54.09,,,,29.26,6.49,4954220000.0,2026-08-13,毛利率≥25%；自由现金流最近一年为正；行业归类与普通股身份；利润质量及每股增长；红筹/H股/香港本地属性确认；老千股风险排查,否
80016,80016.HK,,101.0,2926.76,14.727326,21.58,128.8,,,,,,nan,,,2026-08-13,毛利率≥25%；自由现金流最近一年为正；行业归类与普通股身份；利润质量及每股增长；红筹/H股/香港本地属性确认；老千股风险排查,否
80291,80291.HK,,19.22,623.5,18.498556,27.96,26.68,,,,,,nan,,,2026-08-13,毛利率≥25%；自由现金流最近一年为正；行业归类与普通股身份；利润质量及每股增长；红筹/H股/香港本地属性确认；老千股风险排查,否
80700,80700.HK,,379.2,34442.74,14.624552,39.38,625.5,,,,,,nan,,,2026-08-13,毛利率≥25%；自由现金流最近一年为正；行业归类与普通股身份；利润质量及每股增长；红筹/H股/香港本地属性确认；老千股风险排查,否
80883,80883.HK,,20.48,9121.79,7.807854,24.87,27.26,,,,,,nan,,,2026-08-13,毛利率≥25%；自由现金流最近一年为正；行业归类与普通股身份；利润质量及每股增长；红筹/H股/香港本地属性确认；老千股风险排查,否
80941,80941.HK,,70.0,14548.8,11.162494,15.66,83.0,,,,,,nan,,,2026-08-13,毛利率≥25%；自由现金流最近一年为正；行业归类与普通股身份；利润质量及每股增长；红筹/H股/香港本地属性确认；老千股风险排查,否
81024,81024.HK,,35.1,1518.78,8.679525,58.61,84.8,,,,,,nan,,,2026-08-13,毛利率≥25%；自由现金流最近一年为正；行业归类与普通股身份；利润质量及每股增长；红筹/H股/香港本地属性确认；老千股风险排查,否
81299,81299.HK,,62.1,6425.49,14.663518,23.94,81.65,,,,,,nan,,,2026-08-13,毛利率≥25%；自由现金流最近一年为正；行业归类与普通股身份；利润质量及每股增长；红筹/H股/香港本地属性确认；老千股风险排查,否
81810,81810.HK,,22.26,5733.95,16.22449,59.45,54.9,,,,,,nan,,,2026-08-13,毛利率≥25%；自由现金流最近一年为正；行业归类与普通股身份；利润质量及每股增长；红筹/H股/香港本地属性确认；老千股风险排查,否
82020,82020.HK,,62.1,1736.94,12.780407,35.14,95.75,,,,,,nan,,,2026-08-13,毛利率≥25%；自由现金流最近一年为正；行业归类与普通股身份；利润质量及每股增长；红筹/H股/香港本地属性确认；老千股风险排查,否
82318,82318.HK,,47.66,3549.52,6.499386,27.84,66.05,,,,,,nan,,,2026-08-13,毛利率≥25%；自由现金流最近一年为正；行业归类与普通股身份；利润质量及每股增长；红筹/H股/香港本地属性确认；老千股风险排查,否
82331,82331.HK,,12.53,323.9,11.02993,38.82,20.48,,,,,,nan,,,2026-08-13,毛利率≥25%；自由现金流最近一年为正；行业归类与普通股身份；利润质量及每股增长；红筹/H股/香港本地属性确认；老千股风险排查,否
82333,82333.HK,,7.185,165.76,6.784703,59.25,17.63,,,,,,nan,,,2026-08-13,毛利率≥25%；自由现金流最近一年为正；行业归类与普通股身份；利润质量及每股增长；红筹/H股/香港本地属性确认；老千股风险排查,否
03888,3888.HK,Communication Services,26.54,364.66,11.249224,30.52,38.2,8.23,nan,,,,7.7,0.09,2291620000.0,2026-08-13,毛利率≥25%；自由现金流最近一年为正；行业归类与普通股身份；利润质量及每股增长；红筹/H股/香港本地属性确认；老千股风险排查,否
03898,3898.HK,Industrials,35.16,162.44,10.015489,25.0,46.88,17.1,17.03,,,,9.64,12.81,3361120915.0,2026-08-13,毛利率≥25%；自由现金流最近一年为正；行业归类与普通股身份；利润质量及每股增长；红筹/H股/香港本地属性确认；老千股风险排查,否
03899,3899.HK,Energy,7.635,161.17,11.824622,44.99,13.88,10.33,2.47,,,,9.35,11.71,1742844000.0,2026-08-13,毛利率≥25%；自由现金流最近一年为正；行业归类与普通股身份；利润质量及每股增长；红筹/H股/香港本地属性确认；老千股风险排查,否
03931,3931.HK,Industrials,19.04,144.89,18.342967,51.55,39.3,29.65,28.74,,,,4.02,39.25,10160086000.0,2026-08-13,毛利率≥25%；自由现金流最近一年为正；行业归类与普通股身份；利润质量及每股增长；红筹/H股/香港本地属性确认；老千股风险排查,否
03933,3933.HK,Healthcare,8.95,176.31,6.575262,50.22,17.98,5.24,9.68,,,,11.99,16.15,3749820000.0,2026-08-13,毛利率≥25%；自由现金流最近一年为正；行业归类与普通股身份；利润质量及每股增长；红筹/H股/香港本地属性确认；老千股风险排查,否
03993,3993.HK,Basic Materials,17.33,681.67,13.147553,31.34,25.24,6.13,49.66,,,,24.67,16.1,32386655541.72,2026-08-13,毛利率≥25%；自由现金流最近一年为正；行业归类与普通股身份；利润质量及每股增长；红筹/H股/香港本地属性确认；老千股风险排查,否
00914,0914.HK,Basic Materials,17.45,225.1,10.146325,35.7,27.14,-14.49,-19.69,,,,4.22,10.42,16643907685.0,2026-08-13,毛利率≥25%；自由现金流最近一年为正；行业归类与普通股身份；利润质量及每股增长；红筹/H股/香港本地属性确认；老千股风险排查,否
00916,0916.HK,Utilities,5.57,184.81,9.187945,35.68,8.66,-8.79,-3.97,,,,6.03,49.68,21832566099.33,2026-08-13,毛利率≥25%；自由现金流最近一年为正；行业归类与普通股身份；利润质量及每股增长；红筹/H股/香港本地属性确认；老千股风险排查,否
00921,0921.HK,Consumer Cyclical,23.18,106.53,8.815148,15.65,27.48,5.86,30.46,,,,18.24,5.64,5796029180.51,2026-08-13,毛利率≥25%；自由现金流最近一年为正；行业归类与普通股身份；利润质量及每股增长；红筹/H股/香港本地属性确认；老千股风险排查,否
01157,1157.HK,Industrials,6.8,105.57,11.757567,36.27,10.67,7.77,28.2,,,,8.44,25.25,4873901652.93,2026-08-13,毛利率≥25%；自由现金流最近一年为正；行业归类与普通股身份；利润质量及每股增长；红筹/H股/香港本地属性确认；老千股风险排查,否
01171,1171.HK,Energy,12.31,501.69,11.081646,29.33,17.42,-13.63,-35.66,,,,8.97,29.48,19484794000.0,2026-08-13,毛利率≥25%；自由现金流最近一年为正；行业归类与普通股身份；利润质量及每股增长；红筹/H股/香港本地属性确认；老千股风险排查,否
01193,1193.HK,Utilities,15.64,361.91,10.093553,33.11,23.38,1.19,-9.17,,,,8.03,17.7,6575111000.0,2026-08-13,毛利率≥25%；自由现金流最近一年为正；行业归类与普通股身份；利润质量及每股增长；红筹/H股/香港本地属性确认；老千股风险排查,否
01299,1299.HK,Financial Services,72.55,7506.75,15.668144,21.27,92.15,nan,23.23,,,,14.42,4.25,6970000000.0,2026-08-13,毛利率≥25%；自由现金流最近一年为正；行业归类与普通股身份；利润质量及每股增长；红筹/H股/香港本地属性确认；老千股风险排查,否
01024,1024.HK,Communication Services,40.82,1766.28,8.816599,55.92,92.6,14.88,nan,,,,23.4,21.25,26716000000.0,2026-08-13,毛利率≥25%；自由现金流最近一年为正；行业归类与普通股身份；利润质量及每股增长；红筹/H股/香港本地属性确认；老千股风险排查,否
01044,1044.HK,Consumer Defensive,24.18,279.28,9.332801,19.29,29.96,0.66,9.61,,,,11.65,36.5,3241140000.0,2026-08-13,毛利率≥25%；自由现金流最近一年为正；行业归类与普通股身份；利润质量及每股增长；红筹/H股/香港本地属性确认；老千股风险排查,否
01908,1908.HK,Real Estate,15.41,356.9,8.576871,19.7,19.19,11.14,-9.55,,,,8.67,21.92,21961699000.0,2026-08-13,毛利率≥25%；自由现金流最近一年为正；行业归类与普通股身份；利润质量及每股增长；红筹/H股/香港本地属性确认；老千股风险排查,否
01910,1910.HK,Consumer Cyclical,13.94,190.14,9.079595,36.58,21.98,6.7,-2.59,,,,18.06,45.91,506300000.0,2026-08-13,毛利率≥25%；自由现金流最近一年为正；行业归类与普通股身份；利润质量及每股增长；红筹/H股/香港本地属性确认；老千股风险排查,否
01913,1913.HK,Consumer Cyclical,42.2,1079.82,15.0437,18.85,52.0,10.82,22.35,,,,18.34,43.75,1654258000.0,2026-08-13,毛利率≥25%；自由现金流最近一年为正；行业归类与普通股身份；利润质量及每股增长；红筹/H股/香港本地属性确认；老千股风险排查,否
01928,1928.HK,Consumer Cyclical,14.34,1160.54,16.507444,36.27,22.5,66.76,nan,,,,63.95,67.14,2105000000.0,2026-08-13,毛利率≥25%；自由现金流最近一年为正；行业归类与普通股身份；利润质量及每股增长；红筹/H股/香港本地属性确认；老千股风险排查,否
01929,1929.HK,Consumer Cyclical,12.31,1214.5,13.627507,27.37,16.95,-0.1,18.7,,,,29.07,31.06,1317000000.0,2026-08-13,毛利率≥25%；自由现金流最近一年为正；行业归类与普通股身份；利润质量及每股增长；红筹/H股/香港本地属性确认；老千股风险排查,否
02460,2460.HK,Consumer Defensive,7.635,183.09,16.734173,36.59,12.04,-4.48,-0.15,,,,9.18,0.28,1511086000.0,2026-08-13,毛利率≥25%；自由现金流最近一年为正；行业归类与普通股身份；利润质量及每股增长；红筹/H股/香港本地属性确认；老千股风险排查,否
02507,2507.HK,Industrials,44.66,163.38,15.121063,41.62,76.5,14.85,16.39,,,,15.71,2.11,145997000.0,2026-08-13,毛利率≥25%；自由现金流最近一年为正；行业归类与普通股身份；利润质量及每股增长；红筹/H股/香港本地属性确认；老千股风险排查,否
02518,2518.HK,Communication Services,44.96,210.09,16.614236,22.48,58.0,-2.4,-6.79,,,,6.83,0.15,889462000.0,2026-08-13,毛利率≥25%；自由现金流最近一年为正；行业归类与普通股身份；利润质量及每股增长；红筹/H股/香港本地属性确认；老千股风险排查,否
02313,2313.HK,Consumer Cyclical,41.62,625.55,9.231787,42.99,73.0,3.71,8.48,,,,15.54,26.11,5549401000.0,2026-08-13,毛利率≥25%；自由现金流最近一年为正；行业归类与普通股身份；利润质量及每股增长；红筹/H股/香港本地属性确认；老千股风险排查,否
02318,2318.HK,Financial Services,55.5,4133.41,6.621278,25.7,74.7,6.7,6.68,,,,13.47,10.35,658632000000.0,2026-08-13,毛利率≥25%；自由现金流最近一年为正；行业归类与普通股身份；利润质量及每股增长；红筹/H股/香港本地属性确认；老千股风险排查,否
02331,2331.HK,Consumer Cyclical,14.52,375.34,10.993396,38.0,23.42,4.68,-10.27,,,,10.63,5.45,4851532000.0,2026-08-13,毛利率≥25%；自由现金流最近一年为正；行业归类与普通股身份；利润质量及每股增长；红筹/H股/香港本地属性确认；老千股风险排查,否
02333,2333.HK,Consumer Cyclical,8.375,193.21,6.80868,57.83,19.86,17.75,6.07,,,,11.22,22.26,17753789028.71,2026-08-13,毛利率≥25%；自由现金流最近一年为正；行业归类与普通股身份；利润质量及每股增长；红筹/H股/香港本地属性确认；老千股风险排查,否
02338,2338.HK,Consumer Cyclical,35.64,692.49,23.386533,21.57,45.44,9.79,30.62,,,,11.73,10.75,28681522296.05,2026-08-13,毛利率≥25%；自由现金流最近一年为正；行业归类与普通股身份；利润质量及每股增长；红筹/H股/香港本地属性确认；老千股风险排查,否
03668,3668.HK,Energy,31.42,414.74,18.173973,35.98,49.08,-18.33,-50.31,,,,4.87,0.69,,2026-08-13,毛利率≥25%；自由现金流最近一年为正；行业归类与普通股身份；利润质量及每股增长；红筹/H股/香港本地属性确认；老千股风险排查,否
03808,3808.HK,Industrials,39.52,1091.14,13.321486,18.35,48.4,22.63,61.3,,,,15.6,3.58,7623014000.0,2026-08-13,毛利率≥25%；自由现金流最近一年为正；行业归类与普通股身份；利润质量及每股增长；红筹/H股/香港本地属性确认；老千股风险排查,否
00135,0135.HK,Energy,6.925,598.18,9.64128,21.57,8.83,4.1,0.75,,,,7.89,14.86,12430000000.0,2026-08-13,毛利率≥25%；自由现金流最近一年为正；行业归类与普通股身份；利润质量及每股增长；红筹/H股/香港本地属性确认；老千股风险排查,否
00144,0144.HK,Industrials,14.9,625.5,9.687906,16.53,17.85,2.1,-6.71,,,,5.89,nan,9472000000.0,2026-08-13,毛利率≥25%；自由现金流最近一年为正；行业归类与普通股身份；利润质量及每股增长；红筹/H股/香港本地属性确认；老千股风险排查,否
00148,0148.HK,Industrials,45.84,514.32,11.543692,69.8,151.8,-2.78,6.39,,,,6.81,21.95,4738794000.0,2026-08-13,毛利率≥25%；自由现金流最近一年为正；行业归类与普通股身份；利润质量及每股增长；红筹/H股/香港本地属性确认；老千股风险排查,否
00175,0175.HK,Consumer Cyclical,17.91,1931.59,10.93302,30.09,25.62,32.63,47.42,,,,18.24,15.05,47274244000.0,2026-08-13,毛利率≥25%；自由现金流最近一年为正；行业归类与普通股身份；利润质量及每股增长；红筹/H股/香港本地属性确认；老千股风险排查,否
00177,0177.HK,Industrials,9.405,114.93,8.576481,16.4,11.25,15.24,7.25,,,,11.08,29.99,6761638748.35,2026-08-13,毛利率≥25%；自由现金流最近一年为正；行业归类与普通股身份；利润质量及每股增长；红筹/H股/香港本地属性确认；老千股风险排查,否
00179,0179.HK,Consumer Cyclical,20.62,192.59,12.171491,54.96,45.78,0.04,8.6,,,,7.12,8.94,471090000.0,2026-08-13,毛利率≥25%；自由现金流最近一年为正；行业归类与普通股身份；利润质量及每股增长；红筹/H股/香港本地属性确认；老千股风险排查,否
00189,0189.HK,Basic Materials,13.03,225.77,11.431443,45.11,23.74,-10.51,-24.77,,,,11.42,0.14,3706493000.0,2026-08-13,毛利率≥25%；自由现金流最近一年为正；行业归类与普通股身份；利润质量及每股增长；红筹/H股/香港本地属性确认；老千股风险排查,否
00220,0220.HK,Consumer Defensive,7.87,339.91,13.490935,19.86,9.82,3.92,18.82,,,,15.07,4.41,3284365000.0,2026-08-13,毛利率≥25%；自由现金流最近一年为正；行业归类与普通股身份；利润质量及每股增长；红筹/H股/香港本地属性确认；老千股风险排查,否
00636,0636.HK,Industrials,5.795,104.72,7.429487,40.81,9.79,-11.88,-26.59,,,,7.99,26.33,2919112000.0,2026-08-13,毛利率≥25%；自由现金流最近一年为正；行业归类与普通股身份；利润质量及每股增长；红筹/H股/香港本地属性确认；老千股风险排查,否
01776,1776.HK,Financial Services,17.14,329.26,7.566027,19.91,21.4,12.11,20.0,,,,8.78,26.19,-27780960722.97,2026-08-13,毛利率≥25%；自由现金流最近一年为正；行业归类与普通股身份；利润质量及每股增长；红筹/H股/香港本地属性确认；老千股风险排查,否
01787,1787.HK,Basic Materials,21.6,215.03,17.048145,60.33,54.45,27.51,56.03,,,,10.56,38.48,21492754843.56,2026-08-13,毛利率≥25%；自由现金流最近一年为正；行业归类与普通股身份；利润质量及每股增长；红筹/H股/香港本地属性确认；老千股风险排查,否
01810,1810.HK,Technology,25.88,6666.43,16.750536,56.79,59.9,17.76,156.28,,,,15.64,8.23,34142377000.0,2026-08-13,毛利率≥25%；自由现金流最近一年为正；行业归类与普通股身份；利润质量及每股增长；红筹/H股/香港本地属性确认；老千股风险排查,否
01818,1818.HK,Basic Materials,22.48,647.77,17.173221,46.93,42.36,18.97,250.49,,,,6.85,37.43,2597165000.0,2026-08-13,毛利率≥25%；自由现金流最近一年为正；行业归类与普通股身份；利润质量及每股增长；红筹/H股/香港本地属性确认；老千股风险排查,否
01836,1836.HK,Consumer Cyclical,14.19,119.76,11.087582,18.31,17.37,-1.25,5.34,,,,12.58,1.13,194736000.0,2026-08-13,毛利率≥25%；自由现金流最近一年为正；行业归类与普通股身份；利润质量及每股增长；红筹/H股/香港本地属性确认；老千股风险排查,否
01866,1866.HK,Basic Materials,9.405,119.91,11.268763,27.54,12.98,3.19,-11.09,,,,9.56,43.07,3376765000.0,2026-08-13,毛利率≥25%；自由现金流最近一年为正；行业归类与普通股身份；利润质量及每股增长；红筹/H股/香港本地属性确认；老千股风险排查,否
01876,1876.HK,Consumer Defensive,6.345,840.27,19.511771,30.27,9.1,-3.82,-18.79,,,,4.77,1.88,951000000.0,2026-08-13,毛利率≥25%；自由现金流最近一年为正；行业归类与普通股身份；利润质量及每股增长；红筹/H股/香港本地属性确认；老千股风险排查,否
01882,1882.HK,Industrials,20.06,320.16,8.336357,23.44,26.2,12.94,13.38,,,,14.32,9.12,3479819000.0,2026-08-13,毛利率≥25%；自由现金流最近一年为正；行业归类与普通股身份；利润质量及每股增长；红筹/H股/香港本地属性确认；老千股风险排查,否
00012,0012.HK,Real Estate,27.06,1309.97,23.736842,24.12,35.66,0.25,-15.1,,,,1.75,14.78,12325000000.0,2026-08-13,毛利率≥25%；自由现金流最近一年为正；行业归类与普通股身份；利润质量及每股增长；红筹/H股/香港本地属性确认；老千股风险排查,否
00016,0016.HK,Real Estate,117.6,3407.79,15.489249,20.97,148.8,-4.1,-13.68,,,,3.14,15.85,24516000000.0,2026-08-13,毛利率≥25%；自由现金流最近一年为正；行业归类与普通股身份；利润质量及每股增长；红筹/H股/香港本地属性确认；老千股风险排查,否
00027,0027.HK,Consumer Cyclical,34.94,1530.02,14.343186,20.99,44.22,62.51,nan,,,,12.84,2.04,14253563000.0,2026-08-13,毛利率≥25%；自由现金流最近一年为正；行业归类与普通股身份；利润质量及每股增长；红筹/H股/香港本地属性确认；老千股风险排查,否
00101,0101.HK,Real Estate,7.18,373.58,21.959604,30.29,10.3,-1.3,-22.21,,,,1.34,24.17,5864000000.0,2026-08-13,毛利率≥25%；自由现金流最近一年为正；行业归类与普通股身份；利润质量及每股增长；红筹/H股/香港本地属性确认；老千股风险排查,否
06181,6181.HK,Consumer Cyclical,346.4,498.82,10.50432,61.43,898.0,176.31,272.04,,,,43.87,31.36,-6848198000.0,2026-08-13,毛利率≥25%；自由现金流最近一年为正；行业归类与普通股身份；利润质量及每股增长；红筹/H股/香港本地属性确认；老千股风险排查,否
06618,6618.HK,Healthcare,39.52,1260.69,20.220112,44.88,71.7,16.26,141.83,,,,8.95,0.78,10173949000.0,2026-08-13,毛利率≥25%；自由现金流最近一年为正；行业归类与普通股身份；利润质量及每股增长；红筹/H股/香港本地属性确认；老千股风险排查,否
06655,6655.HK,Basic Materials,14.11,103.67,8.058437,30.15,20.2,5.07,1.87,,,,8.9,31.15,6694037666.0,2026-08-13,毛利率≥25%；自由现金流最近一年为正；行业归类与普通股身份；利润质量及每股增长；红筹/H股/香港本地属性确认；老千股风险排查,否
06690,6690.HK,Consumer Cyclical,21.1,602.19,9.022742,25.18,28.2,7.47,9.95,,,,16.47,15.32,26002941969.92,2026-08-13,毛利率≥25%；自由现金流最近一年为正；行业归类与普通股身份；利润质量及每股增长；红筹/H股/香港本地属性确认；老千股风险排查,否
03330,3330.HK,Basic Materials,20.56,246.1,16.634304,34.1,31.2,9.08,85.89,,,,31.63,38.91,725733000.0,2026-08-13,毛利率≥25%；自由现金流最近一年为正；行业归类与普通股身份；利润质量及每股增长；红筹/H股/香港本地属性确认；老千股风险排查,否
03360,3360.HK,Financial Services,6.835,329.31,7.041828,19.96,8.54,4.69,-12.91,,,,7.95,73.78,9965983000.0,2026-08-13,毛利率≥25%；自由现金流最近一年为正；行业归类与普通股身份；利润质量及每股增长；红筹/H股/香港本地属性确认；老千股风险排查,否
03393,3393.HK,Industrials,19.24,200.87,17.178571,43.08,33.8,19.82,48.4,,,,16.97,14.27,1407697000.0,2026-08-13,毛利率≥25%；自由现金流最近一年为正；行业归类与普通股身份；利润质量及每股增长；红筹/H股/香港本地属性确认；老千股风险排查,否
03606,3606.HK,Consumer Cyclical,55.4,336.14,13.798837,35.58,86.0,17.68,25.11,,,,24.8,24.11,12055090552.0,2026-08-13,毛利率≥25%；自由现金流最近一年为正；行业归类与普通股身份；利润质量及每股增长；红筹/H股/香港本地属性确认；老千股风险排查,否
01698,1698.HK,Communication Services,32.94,1036.95,9.890883,68.08,103.2,5.1,44.33,,,,13.77,3.72,10231000000.0,2026-08-13,毛利率≥25%；自由现金流最近一年为正；行业归类与普通股身份；利润质量及每股增长；红筹/H股/香港本地属性确认；老千股风险排查,否
01772,1772.HK,Basic Materials,39.4,190.3,18.41441,56.8,91.2,-17.97,-57.15,,,,3.57,29.88,2944844627.19,2026-08-13,毛利率≥25%；自由现金流最近一年为正；行业归类与普通股身份；利润质量及每股增长；红筹/H股/香港本地属性确认；老千股风险排查,否
02282,2282.HK,Consumer Cyclical,10.15,385.7,8.402318,40.71,17.12,87.6,nan,,,,156.27,64.6,8737668000.0,2026-08-13,毛利率≥25%；自由现金流最近一年为正；行业归类与普通股身份；利润质量及每股增长；红筹/H股/香港本地属性确认；老千股风险排查,否
02285,2285.HK,Industrials,20.6,104.85,13.817252,24.26,27.2,-6.47,-11.2,,,,9.59,15.21,229355000.0,2026-08-13,毛利率≥25%；自由现金流最近一年为正；行业归类与普通股身份；利润质量及每股增长；红筹/H股/香港本地属性确认；老千股风险排查,否
02299,2299.HK,Consumer Cyclical,5.35,112.89,15.801941,16.01,6.37,5.06,-0.65,,,,5.59,8.17,-1095469000.0,2026-08-13,毛利率≥25%；自由现金流最近一年为正；行业归类与普通股身份；利润质量及每股增长；红筹/H股/香港本地属性确认；老千股风险排查,否
01898,1898.HK,Energy,10.81,443.93,8.802932,29.07,15.24,-12.44,-7.4,,,,9.04,19.33,29791934000.0,2026-08-13,毛利率≥25%；自由现金流最近一年为正；行业归类与普通股身份；利润质量及每股增长；红筹/H股/香港本地属性确认；老千股风险排查,否
02096,2096.HK,Healthcare,12.17,312.53,19.371923,19.3,15.08,6.93,13.02,,,,14.29,8.06,2013530000.0,2026-08-13,毛利率≥25%；自由现金流最近一年为正；行业归类与普通股身份；利润质量及每股增长；红筹/H股/香港本地属性确认；老千股风险排查,否
02099,2099.HK,Basic Materials,187.2,741.31,15.354889,24.58,248.2,5.84,27.98,,,,20.22,16.31,709984000.0,2026-08-13,毛利率≥25%；自由现金流最近一年为正；行业归类与普通股身份；利润质量及每股增长；红筹/H股/香港本地属性确认；老千股风险排查,否
00551,0551.HK,Consumer Cyclical,13.77,221.01,8.268774,27.91,19.1,-3.62,8.74,,,,8.25,12.95,591240000.0,2026-08-13,毛利率≥25%；自由现金流最近一年为正；行业归类与普通股身份；利润质量及每股增长；红筹/H股/香港本地属性确认；老千股风险排查,否
00576,0576.HK,Industrials,6.215,125.75,6.227893,23.84,8.16,8.82,0.93,,,,10.57,36.38,4203482000.0,2026-08-13,毛利率≥25%；自由现金流最近一年为正；行业归类与普通股身份；利润质量及每股增长；红筹/H股/香港本地属性确认；老千股风险排查,否
00590,0590.HK,Consumer Cyclical,24.22,142.17,6.95977,29.8,34.5,12.83,16.77,,,,13.63,21.49,23240000.0,2026-08-13,毛利率≥25%；自由现金流最近一年为正；行业归类与普通股身份；利润质量及每股增长；红筹/H股/香港本地属性确认；老千股风险排查,否
00631,0631.HK,Industrials,7.165,235.73,12.043662,55.88,16.24,16.13,2.23,,,,13.48,25.06,2457148000.0,2026-08-13,毛利率≥25%；自由现金流最近一年为正；行业归类与普通股身份；利润质量及每股增长；红筹/H股/香港本地属性确认；老千股风险排查,否
09896,9896.HK,Consumer Cyclical,23.5,291.16,12.198871,54.76,51.95,28.59,23.6,,,,11.35,37.83,2577891000.0,2026-08-13,毛利率≥25%；自由现金流最近一年为正；行业归类与普通股身份；利润质量及每股增长；红筹/H股/香港本地属性确认；老千股风险排查,否
09899,9899.HK,Communication Services,115.2,241.92,7.693959,61.34,298.0,-4.8,nan,,,,21.35,0.04,1618081000.0,2026-08-13,毛利率≥25%；自由现金流最近一年为正；行业归类与普通股身份；利润质量及每股增长；红筹/H股/香港本地属性确认；老千股风险排查,否
09901,9901.HK,Consumer Defensive,41.58,661.54,17.663184,18.55,51.05,16.42,nan,,,,10.15,10.3,896592000.0,2026-08-13,毛利率≥25%；自由现金流最近一年为正；行业归类与普通股身份；利润质量及每股增长；红筹/H股/香港本地属性确认；老千股风险排查,否
09911,9911.HK,Technology,8.08,113.12,10.963365,42.65,14.09,35.0,92.93,,,,38.39,1.96,1454668000.0,2026-08-13,毛利率≥25%；自由现金流最近一年为正；行业归类与普通股身份；利润质量及每股增长；红筹/H股/香港本地属性确认；老千股风险排查,否
09961,9961.HK,Consumer Cyclical,354.2,2230.42,6.248677,42.22,613.0,46.04,187.37,,,,19.48,11.82,14379000000.0,2026-08-13,毛利率≥25%；自由现金流最近一年为正；行业归类与普通股身份；利润质量及每股增长；红筹/H股/香港本地属性确认；老千股风险排查,否
09985,9985.HK,Consumer Defensive,7.88,191.48,11.28888,45.28,14.4,15.96,111.19,,,,19.52,19.58,1494379000.0,2026-08-13,毛利率≥25%；自由现金流最近一年为正；行业归类与普通股身份；利润质量及每股增长；红筹/H股/香港本地属性确认；老千股风险排查,否
09987,9987.HK,Consumer Cyclical,376.4,1291.05,17.643413,16.58,451.2,7.23,28.09,,,,17.27,21.72,1466000000.0,2026-08-13,毛利率≥25%；自由现金流最近一年为正；行业归类与普通股身份；利润质量及每股增长；红筹/H股/香港本地属性确认；老千股风险排查,否
06030,6030.HK,Financial Services,26.98,923.8,10.507285,17.99,32.9,4.88,12.16,,,,9.4,13.91,74104321265.96,2026-08-13,毛利率≥25%；自由现金流最近一年为正；行业归类与普通股身份；利润质量及每股增长；红筹/H股/香港本地属性确认；老千股风险排查,否
06055,6055.HK,Consumer Defensive,22.2,153.55,15.633803,53.85,48.1,20.54,37.77,,,,26.9,31.44,1035402000.0,2026-08-13,毛利率≥25%；自由现金流最近一年为正；行业归类与普通股身份；利润质量及每股增长；红筹/H股/香港本地属性确认；老千股风险排查,否
06060,6060.HK,Financial Services,10.88,177.87,12.917136,47.99,20.92,16.26,nan,,,,4.33,5.93,3535832000.0,2026-08-13,毛利率≥25%；自由现金流最近一年为正；行业归类与普通股身份；利润质量及每股增长；红筹/H股/香港本地属性确认；老千股风险排查,否
06066,6066.HK,Financial Services,11.6,146.28,7.136718,26.4,15.76,15.45,7.87,,,,7.93,27.38,42719709000.0,2026-08-13,毛利率≥25%；自由现金流最近一年为正；行业归类与普通股身份；利润质量及每股增长；红筹/H股/香港本地属性确认；老千股风险排查,否
06099,6099.HK,Financial Services,14.88,189.65,8.719436,21.68,19.0,10.31,15.24,,,,8.95,29.45,-31368505124.65,2026-08-13,毛利率≥25%；自由现金流最近一年为正；行业归类与普通股身份；利润质量及每股增长；红筹/H股/香港本地属性确认；老千股风险排查,否
00512,0512.HK,Healthcare,5.325,189.01,15.025395,46.1,9.88,8.71,-15.81,,,,7.29,17.38,1649523000.0,2026-08-13,毛利率≥25%；自由现金流最近一年为正；行业归类与普通股身份；利润质量及每股增长；红筹/H股/香港本地属性确认；老千股风险排查,否
01585,1585.HK,Consumer Cyclical,9.825,305.82,8.843111,34.54,15.01,6.02,10.45,,,,27.83,7.05,5989810000.0,2026-08-13,毛利率≥25%；自由现金流最近一年为正；行业归类与普通股身份；利润质量及每股增长；红筹/H股/香港本地属性确认；老千股风险排查,否
02018,2018.HK,Technology,41.82,483.44,16.518291,18.0,51.0,15.55,45.16,,,,10.31,22.11,7183014000.0,2026-08-13,毛利率≥25%；自由现金流最近一年为正；行业归类与普通股身份；利润质量及每股增长；红筹/H股/香港本地属性确认；老千股风险排查,否
02367,2367.HK,Consumer Defensive,29.6,314.35,14.056891,54.95,65.7,32.65,24.09,,,,19.32,0.09,1780622000.0,2026-08-13,毛利率≥25%；自由现金流最近一年为正；行业归类与普通股身份；利润质量及每股增长；红筹/H股/香港本地属性确认；老千股风险排查,否
02378,2378.HK,Financial Services,107.1,2678.57,8.891742,18.37,131.2,nan,nan,,,,19.77,2.49,2450000000.0,2026-08-13,毛利率≥25%；自由现金流最近一年为正；行业归类与普通股身份；利润质量及每股增长；红筹/H股/香港本地属性确认；老千股风险排查,否
02382,2382.HK,Technology,58.6,632.29,11.857667,35.89,91.4,9.2,24.43,,,,15.92,10.54,6079499000.0,2026-08-13,毛利率≥25%；自由现金流最近一年为正；行业归类与普通股身份；利润质量及每股增长；红筹/H股/香港本地属性确认；老千股风险排查,否
02400,2400.HK,Communication Services,42.46,205.51,11.888239,54.07,92.45,18.88,nan,,,,40.28,2.34,1712603000.0,2026-08-13,毛利率≥25%；自由现金流最近一年为正；行业归类与普通股身份；利润质量及每股增长；红筹/H股/香港本地属性确认；老千股风险排查,否
00358,0358.HK,Basic Materials,36.46,505.88,13.542569,32.17,53.75,4.3,5.96,,,,8.77,34.46,-6914101315.0,2026-08-13,毛利率≥25%；自由现金流最近一年为正；行业归类与普通股身份；利润质量及每股增长；红筹/H股/香港本地属性确认；老千股风险排查,否
00363,0363.HK,Industrials,13.4,145.66,7.212056,17.23,16.19,-12.74,-4.43,,,,4.03,33.88,8787009000.0,2026-08-13,毛利率≥25%；自由现金流最近一年为正；行业归类与普通股身份；利润质量及每股增长；红筹/H股/香港本地属性确认；老千股风险排查,否
00384,0384.HK,Utilities,5.56,302.91,11.12,37.18,8.85,-7.16,-14.12,,,,4.76,42.18,7017584000.0,2026-08-13,毛利率≥25%；自由现金流最近一年为正；行业归类与普通股身份；利润质量及每股增长；红筹/H股/香港本地属性确认；老千股风险排查,否
00392,0392.HK,Industrials,29.5,371.11,6.309377,20.01,36.88,3.19,-8.09,,,,5.68,37.06,7407674000.0,2026-08-13,毛利率≥25%；自由现金流最近一年为正；行业归类与普通股身份；利润质量及每股增长；红筹/H股/香港本地属性确认；老千股风险排查,否
00425,0425.HK,Consumer Cyclical,27.66,323.9,10.231032,40.85,46.76,14.14,21.51,,,,11.45,21.37,4912275000.0,2026-08-13,毛利率≥25%；自由现金流最近一年为正；行业归类与普通股身份；利润质量及每股增长；红筹/H股/香港本地属性确认；老千股风险排查,否
00285,0285.HK,Technology,23.74,534.86,13.094447,49.16,46.7,18.75,23.68,,,,10.2,10.63,18768443000.0,2026-08-13,毛利率≥25%；自由现金流最近一年为正；行业归类与普通股身份；利润质量及每股增长；红筹/H股/香港本地属性确认；老千股风险排查,否
00288,0288.HK,Consumer Defensive,7.855,1007.8,8.206668,27.54,10.84,-0.13,4.58,,,,14.01,18.82,2526000000.0,2026-08-13,毛利率≥25%；自由现金流最近一年为正；行业归类与普通股身份；利润质量及每股增长；红筹/H股/香港本地属性确认；老千股风险排查,否
00291,0291.HK,Consumer Defensive,22.28,722.76,18.430499,24.22,29.4,2.51,-8.11,,,,10.45,4.96,7127000000.0,2026-08-13,毛利率≥25%；自由现金流最近一年为正；行业归类与普通股身份；利润质量及每股增长；红筹/H股/香港本地属性确认；老千股风险排查,否
00303,0303.HK,Technology,51.75,131.44,12.466957,23.78,67.9,-3.29,-3.49,,,,20.72,9.76,123900000.0,2026-08-13,毛利率≥25%；自由现金流最近一年为正；行业归类与普通股身份；利润质量及每股增长；红筹/H股/香港本地属性确认；老千股风险排查,否
00762,0762.HK,Communication Services,6.265,1916.96,8.558743,41.34,10.68,3.39,7.52,,,,5.65,5.09,90175000000.0,2026-08-13,毛利率≥25%；自由现金流最近一年为正；行业归类与普通股身份；利润质量及每股增长；红筹/H股/香港本地属性确认；老千股风险排查,否
00763,0763.HK,Technology,25.32,191.29,23.612528,45.5,46.46,2.88,-11.41,,,,7.45,30.31,3918746000.0,2026-08-13,毛利率≥25%；自由现金流最近一年为正；行业归类与普通股身份；利润质量及每股增长；红筹/H股/香港本地属性确认；老千股风险排查,否
