代码,行业,最新价,流通市值_亿美元,PE_TTM,距52周高点跌幅_%,52周高点,营收5年CAGR_%,净利润5年CAGR_%,最新季度营收同比_%,最新季度净利润同比_%,营业利润占比_%,ROE_%,资产负债率_%,经营现金流_原始值,数据日期,待核验项
CPRT,Diversified Support Services,28.29,239.05,17.57,43.54,50.11,16.07,17.27,5.99,11.5,92.46,17.61,9.09,1799750000.0,2026-07-17,毛利率≥25%；自由现金流最近一年为正；行业归类与普通股身份；利润质量及每股增长
PNR,Industrial Machinery,65.69,105.1,16.11,42.35,113.95,6.71,12.76,3.57,11.3,128.67,17.61,46.12,814800000.0,2026-07-17,毛利率≥25%；自由现金流最近一年为正；行业归类与普通股身份；利润质量及每股增长
PTC,Application Software,127.36,146.46,12.23,42.03,219.69,13.44,41.22,100.33,102.5,109.55,34.4,40.22,867696000.0,2026-07-17,毛利率≥25%；自由现金流最近一年为正；行业归类与普通股身份；利润质量及每股增长
NFLX,Movies & Entertainment,74.35,3112.18,24.02,41.8,127.75,12.57,31.8,18.23,82.77,104.75,48.5,48.99,10149273000.0,2026-07-17,毛利率≥25%；自由现金流最近一年为正；行业归类与普通股身份；利润质量及每股增长
MMS,Data Processing & Outsourced Services,59.03,30.39,8.86,40.97,100.0,9.43,8.26,68.47,128.04,118.76,22.19,59.13,429372000.0,2026-07-17,毛利率≥25%；自由现金流最近一年为正；行业归类与普通股身份；利润质量及每股增长
FDS,Financial Exchanges & Data,262.46,93.0,17.28,40.23,439.11,9.22,9.87,3.79,1.71,103.79,27.03,48.64,726260000.0,2026-07-17,毛利率≥25%；自由现金流最近一年为正；行业归类与普通股身份；利润质量及每股增长
EXLS,Data Processing & Outsourced Services,28.69,39.59,18.29,39.1,47.11,16.85,22.91,16.51,0.78,99.6,28.09,53.54,350717000.0,2026-07-17,毛利率≥25%；自由现金流最近一年为正；行业归类与普通股身份；利润质量及每股增长
AEO,Apparel Retail,17.49,26.58,10.86,38.55,28.46,8.09,11.48,141.47,136.25,133.34,17.57,59.73,456182000.0,2026-07-17,毛利率≥25%；自由现金流最近一年为正；行业归类与普通股身份；利润质量及每股增长
STN,Construction & Engineering,70.45,79.37,23.0,38.48,114.515,12.01,22.88,10.65,10.69,123.29,15.28,58.04,862900000.0,2026-07-17,毛利率≥25%；自由现金流最近一年为正；行业归类与普通股身份；利润质量及每股增长
ADBE,Application Software,235.31,931.83,13.46,37.44,376.16,13.06,6.27,14.66,4.31,99.68,62.95,61.51,10031000000.0,2026-07-17,毛利率≥25%；自由现金流最近一年为正；行业归类与普通股身份；利润质量及每股增长
G,Data Processing & Outsourced Services,31.22,44.64,9.58,35.81,48.64,6.49,12.38,8.21,13.1,103.68,23.12,55.94,812856000.0,2026-07-17,毛利率≥25%；自由现金流最近一年为正；行业归类与普通股身份；利润质量及每股增长
NXT,Electrical Components & Equipment,106.85,155.89,27.83,34.5,163.13,24.38,36.34,15.93,29.16,99.13,29.57,46.69,562911000.0,2026-07-17,毛利率≥25%；自由现金流最近一年为正；行业归类与普通股身份；利润质量及每股增长
FSLR,Semiconductors,211.93,214.74,13.69,33.97,320.95,14.0,30.85,56.07,65.42,101.01,18.44,26.01,2057105000.0,2026-07-17,毛利率≥25%；自由现金流最近一年为正；行业归类与普通股身份；利润质量及每股增长
GIB,IT Consulting & Other Services,68.14,115.84,12.44,33.87,103.035,5.52,8.21,7.47,0.78,116.47,16.62,47.41,2234197000.0,2026-07-17,毛利率≥25%；自由现金流最近一年为正；行业归类与普通股身份；利润质量及每股增长
ULTA,Specialty Stores,478.86,205.05,17.97,33.02,714.9699,15.04,45.67,11.57,11.61,100.37,47.45,62.57,1502780000.0,2026-07-17,毛利率≥25%；自由现金流最近一年为正；行业归类与普通股身份；利润质量及每股增长
CACI,Research & Consulting Services,462.85,101.2,19.09,32.28,683.5,8.57,9.23,12.59,3.86,128.57,13.45,53.76,547009000.0,2026-07-17,毛利率≥25%；自由现金流最近一年为正；行业归类与普通股身份；利润质量及每股增长
MU,Semiconductors,853.2,9594.36,19.25,32.02,1255.0,11.76,26.02,182.24,180.21,101.51,66.64,31.6,17525000000.0,2026-07-17,毛利率≥25%；自由现金流最近一年为正；行业归类与普通股身份；利润质量及每股增长
TW,Financial Exchanges & Data,101.19,117.67,24.98,31.39,147.49,18.1,37.35,40.84,38.35,70.93,14.24,11.89,1167646000.0,2026-07-17,毛利率≥25%；自由现金流最近一年为正；行业归类与普通股身份；利润质量及每股增长
OSIS,Electronic Equipment & Instruments,216.22,33.82,24.76,30.64,311.7225,8.0,14.74,13.64,14.61,116.26,17.16,58.86,97592000.0,2026-07-17,毛利率≥25%；自由现金流最近一年为正；行业归类与普通股身份；利润质量及每股增长
NVO,Pharmacy,51.48,1641.14,12.17,28.3,71.795,19.48,19.44,53.69,67.24,107.72,71.4,63.69,119102000000.0,2026-07-17,毛利率≥25%；自由现金流最近一年为正；行业归类与普通股身份；利润质量及每股增长
MSFT,Systems Software,401.1,29771.32,23.89,27.79,555.45,14.52,18.12,24.25,12.49,103.96,34.01,42.94,136162000000.0,2026-07-17,毛利率≥25%；自由现金流最近一年为正；行业归类与普通股身份；利润质量及每股增长
BOOT,Apparel Retail,153.8,46.22,20.93,26.85,210.25,20.33,30.63,40.81,37.26,99.52,18.44,44.05,304903000.0,2026-07-17,毛利率≥25%；自由现金流最近一年为正；行业归类与普通股身份；利润质量及每股增长
CBOE,Financial Exchanges & Data,277.89,289.01,23.73,25.13,371.18,6.59,18.63,42.78,53.91,97.1,25.14,51.46,1752600000.0,2026-07-17,毛利率≥25%；自由现金流最近一年为正；行业归类与普通股身份；利润质量及每股增长
ATAT,"Hotels, Resorts & Cruise Lines",32.6,24.21,17.04,24.49,43.1725,44.27,107.59,86.6,90.91,99.97,52.88,57.38,1992822000.0,2026-07-17,毛利率≥25%；自由现金流最近一年为正；行业归类与普通股身份；利润质量及每股增长
CRUS,Semiconductors,136.97,68.7,17.45,24.08,180.42,7.84,13.78,54.71,44.19,92.68,20.33,15.88,650598000.0,2026-07-17,毛利率≥25%；自由现金流最近一年为正；行业归类与普通股身份；利润质量及每股增长
TIMB,Wireless Telecommunication Services,22.05,105.4,12.72,21.86,28.22,9.05,18.52,20.07,2.44,146.05,17.72,57.75,13440069000.0,2026-07-17,毛利率≥25%；自由现金流最近一年为正；行业归类与普通股身份；利润质量及每股增长
SKHY,待识别,152.31,8811.13,22.01,21.81,194.8,24.95,55.27,405.48,397.47,93.54,61.17,26.23,53373126000000.0,2026-07-17,毛利率≥25%；自由现金流最近一年为正；行业归类与普通股身份；利润质量及每股增长
FIVE,Specialty Stores,197.71,106.8,24.93,21.43,251.63,19.41,23.79,203.35,199.06,95.22,21.13,54.25,586428000.0,2026-07-17,毛利率≥25%；自由现金流最近一年为正；行业归类与普通股身份；利润质量及每股增长
EME,Construction & Engineering,750.04,330.9,25.16,21.21,951.96,14.07,57.12,23.04,26.93,91.67,39.23,59.32,1302063000.0,2026-07-17,毛利率≥25%；自由现金流最近一年为正；行业归类与普通股身份；利润质量及每股增长
SPGI,Financial Exchanges & Data,457.38,1349.27,28.93,21.01,579.05,15.56,13.83,13.17,27.98,103.82,13.94,40.44,5651000000.0,2026-07-17,毛利率≥25%；自由现金流最近一年为正；行业归类与普通股身份；利润质量及每股增长
ENSG,Health Care Facilities,172.89,97.43,28.16,20.69,218.0,16.05,15.07,23.16,24.16,93.35,16.92,57.77,564270000.0,2026-07-17,毛利率≥25%；自由现金流最近一年为正；行业归类与普通股身份；利润质量及每股增长
JKHY,Transaction & Payment Processing Services,153.84,108.53,21.49,20.45,193.39,6.96,8.97,21.68,20.8,97.04,24.89,28.69,641504000.0,2026-07-17,毛利率≥25%；自由现金流最近一年为正；行业归类与普通股身份；利润质量及每股增长
AZN,Pharmacy,169.29,2613.84,25.5,20.41,212.71,17.15,26.19,18.4,5.62,115.24,23.48,58.44,14575000000.0,2026-07-17,毛利率≥25%；自由现金流最近一年为正；行业归类与普通股身份；利润质量及每股增长
NXPI,Semiconductors,270.66,681.18,25.89,20.38,339.95,7.33,107.93,19.4,128.98,125.88,25.81,58.42,2820000000.0,2026-07-17,毛利率≥25%；自由现金流最近一年为正；行业归类与普通股身份；利润质量及每股增长
GMED,Health Care Equipment,80.91,90.4,18.86,20.21,101.3975,30.08,39.37,64.84,64.72,99.21,13.3,13.0,753447000.0,2026-07-17,毛利率≥25%；自由现金流最近一年为正；行业归类与普通股身份；利润质量及每股增长
DCI,Industrial Machinery,91.11,105.08,24.56,19.26,112.84,7.41,7.39,7.45,15.05,114.53,27.78,49.89,418800000.0,2026-07-17,毛利率≥25%；自由现金流最近一年为正；行业归类与普通股身份；利润质量及每股增长
SBS,Water Utilities,5.79,136.73,12.25,19.1,7.157,16.44,54.11,19.16,18.01,107.59,21.23,62.45,8361115000.0,2026-07-17,毛利率≥25%；自由现金流最近一年为正；行业归类与普通股身份；利润质量及每股增长
NTES,Interactive Home Entertainment,130.33,453.55,16.98,18.31,159.55,8.86,22.85,21.22,3.62,87.77,22.13,26.81,50739800000.0,2026-07-17,毛利率≥25%；自由现金流最近一年为正；行业归类与普通股身份；利润质量及每股增长
CVCO,Homebuilding,585.49,44.44,24.42,17.88,713.005,15.16,19.98,56.57,50.0,93.41,17.58,24.99,267491000.0,2026-07-17,毛利率≥25%；自由现金流最近一年为正；行业归类与普通股身份；利润质量及每股增长
MSA,Office Services & Supplies,173.39,62.75,23.39,17.01,208.92,6.82,17.59,14.51,19.57,115.26,22.83,47.14,363867000.0,2026-07-17,毛利率≥25%；自由现金流最近一年为正；行业归类与普通股身份；利润质量及每股增长
MLI,Industrial Machinery,58.97,127.09,15.45,16.89,70.95,11.75,40.55,43.43,51.82,87.63,28.3,14.75,755444000.0,2026-07-17,毛利率≥25%；自由现金流最近一年为正；行业归类与普通股身份；利润质量及每股增长
META,Interactive Media & Services,664.54,14500.26,24.17,16.54,796.25,18.51,15.71,30.29,60.86,96.91,32.93,38.35,115800000000.0,2026-07-17,毛利率≥25%；自由现金流最近一年为正；行业归类与普通股身份；利润质量及每股增长
LECO,Industrial Machinery,259.31,141.34,26.75,16.35,310.0,9.78,20.36,19.37,15.1,105.19,37.77,61.25,661173000.0,2026-07-17,毛利率≥25%；自由现金流最近一年为正；行业归类与普通股身份；利润质量及每股增长
MWA,Industrial Machinery,25.94,40.22,19.65,16.32,31.0,8.2,21.63,14.5,22.38,107.67,21.33,44.87,219300000.0,2026-07-17,毛利率≥25%；自由现金流最近一年为正；行业归类与普通股身份；利润质量及每股增长
