二筛排名,代码,行业,二筛总分,优先级,研究状态,异常惩罚,营收3年CAGR_%,净利润3年CAGR_%,经营现金流3年CAGR_%,应收账款3年CAGR_%,库存3年CAGR_%,毛利率_%,净利率_%,ROA_%,长期债务权益比,利息保障倍数,FCF净利润转化率,股数3年CAGR_%,增长一致性分,现金流质量分,资本质量分,估值折价分,PE_TTM,距52周高点跌幅_%,营收5年CAGR_%,净利润5年CAGR_%,量化警示
1,EXLS,Data Processing & Outsourced Services,87.2,A-优先三件套,待新做三件套,0.0,13.92,20.64,28.28,9.8,,38.37,12.02,15.12,0.44,18.89,1.19,-1.99,96.4,77.2,82.1,97.1,18.29,39.1,16.85,22.91,无明显量化异常
2,TW,Financial Exchanges & Data,82.6,A-优先三件套,待新做三件套,0.0,19.97,37.99,22.65,19.97,,67.32,39.6,10.52,0.02,606.34,1.31,0.76,98.2,86.8,76.9,52.5,24.98,31.39,18.1,37.35,无明显量化异常
3,MSFT,Systems Software,79.8,A-优先三件套,已有三件套，优先复核,0.0,12.42,11.87,15.21,16.46,-36.95,68.82,36.15,18.0,0.18,52.84,0.7,-0.13,90.5,76.0,88.6,51.0,23.89,27.79,14.52,18.12,无明显量化异常
4,META,Interactive Media & Services,78.4,A-优先三件套,已有三件套，优先复核,0.0,19.89,37.61,31.89,13.65,,82.0,30.08,18.83,0.39,74.76,0.76,-1.09,87.9,84.1,89.3,29.5,24.17,16.54,18.51,15.71,无明显量化异常
5,NTES,Interactive Home Entertainment,75.9,A-优先三件套,待新做三件套,0.0,5.29,18.4,22.34,2.18,-11.48,64.29,29.98,16.18,0.04,,1.44,-0.33,58.9,98.5,80.8,56.3,16.98,18.31,8.86,22.85,无明显量化异常
6,ADBE,Application Software,73.8,A-优先三件套,已有三件套，优先复核,6.0,10.52,14.45,8.57,4.31,,89.27,30.0,23.88,0.57,34.21,1.38,-3.67,81.0,82.8,77.7,74.6,13.46,37.44,13.06,6.27,ROE>40%，核查回购/低权益基数
7,JKHY,Transaction & Payment Processing Services,70.8,B-保留观察,待新做三件套,0.0,6.93,7.89,8.33,-3.0,,42.71,19.19,15.27,0.07,57.14,0.9,-0.02,61.2,70.6,95.6,48.8,21.49,20.45,6.96,8.97,无明显量化异常
8,NXT,Electrical Components & Equipment,70.7,B-保留观察,待新做三件套,6.0,23.23,70.17,73.56,15.43,23.85,32.59,16.46,16.13,0.06,273.14,0.88,48.21,82.2,77.8,87.7,45.0,27.83,34.5,24.38,36.34,股数三年CAGR高于2%
9,SPGI,Financial Exchanges & Data,68.5,B-保留观察,待新做三件套,0.0,11.11,11.24,29.48,11.33,,70.25,29.15,7.36,0.44,22.7,1.22,-3.16,89.1,86.5,53.7,15.7,28.93,21.01,15.56,13.83,无明显量化异常
10,MSA,Office Services & Supplies,68.0,B-保留观察,待新做三件套,0.0,7.06,15.8,32.21,1.05,0.46,46.46,14.88,11.72,0.46,12.52,1.06,-0.26,60.6,86.8,74.7,33.9,23.39,17.01,6.82,17.59,无明显量化异常
11,STN,Construction & Engineering,66.1,B-保留观察,待新做三件套,0.0,12.78,24.74,41.54,7.02,,43.33,5.89,6.43,0.79,6.47,1.65,0.97,87.2,70.5,30.6,74.3,23.0,38.48,12.01,22.88,无明显量化异常
12,FSLR,Semiconductors,65.5,B-保留观察,待新做三件套,8.0,25.84,,33.05,58.61,11.06,40.62,29.28,12.01,0.07,36.82,0.78,0.22,74.6,66.1,83.4,69.4,13.69,33.97,14.0,30.85,应收增速明显快于营收
13,NVO,Pharmacy,65.2,B-保留观察,待新做三件套,14.0,20.43,22.65,14.72,11.91,26.72,80.98,33.14,20.31,0.67,32.03,0.28,-0.42,97.6,77.0,76.1,52.2,12.17,28.3,19.48,19.44,ROE>40%，核查回购/低权益基数；FCF/净利润低于70%
14,CBOE,Financial Exchanges & Data,65.2,B-保留观察,待新做三件套,0.0,6.0,67.28,39.11,1.91,,40.9,23.33,12.87,0.31,30.95,1.53,-0.41,38.3,88.7,80.0,47.0,23.73,25.13,6.59,18.63,无明显量化异常
15,PNR,Industrial Machinery,63.5,B-保留观察,待新做三件套,0.0,0.44,10.78,30.9,8.2,-7.14,40.48,15.66,9.82,0.46,11.9,1.14,-0.27,44.8,68.5,63.1,91.3,16.11,42.35,6.71,12.76,无明显量化异常
16,MWA,Industrial Machinery,63.2,B-保留观察,待新做三件套,0.0,4.65,35.77,61.25,-2.93,5.3,36.14,13.41,11.03,0.46,14.38,0.9,0.1,50.8,75.0,71.8,49.8,19.65,16.32,8.2,21.63,无明显量化异常
17,AZN,Pharmacy,62.5,B-保留观察,待新做三件套,0.0,9.82,45.96,14.11,12.38,11.75,81.9,17.41,9.38,0.6,8.68,0.85,0.02,75.5,72.0,54.6,30.4,25.5,20.41,17.15,26.19,无明显量化异常
18,EME,Construction & Engineering,61.8,B-保留观察,待新做三件套,7.0,15.32,46.34,37.77,18.21,13.81,19.33,7.49,14.97,0.13,144.23,0.93,-2.25,90.9,53.8,81.7,33.4,25.16,21.21,14.07,57.12,利润增长显著快于营收
19,ENSG,Health Care Facilities,61.3,B-保留观察,待新做三件套,0.0,18.68,15.25,27.46,15.97,,15.81,6.8,6.79,0.99,58.04,1.08,1.43,97.8,61.1,43.3,18.7,28.16,20.69,16.05,15.07,无明显量化异常
20,LECO,Industrial Machinery,60.8,B-保留观察,待新做三件套,0.0,4.02,3.3,19.92,-0.17,-1.63,36.25,12.3,14.27,0.88,14.1,1.03,-1.63,50.8,80.1,75.8,17.3,26.75,16.35,9.78,20.36,无明显量化异常
21,CRUS,Semiconductors,60.5,B-保留观察,待新做三件套,8.0,1.72,32.86,24.2,13.52,1.05,52.78,20.75,17.21,0.06,554.16,1.53,-2.8,39.7,75.3,94.9,68.8,17.45,24.08,7.84,13.78,应收增速明显快于营收
22,DCI,Industrial Machinery,60.5,B-保留观察,待新做三件套,0.0,3.73,3.31,18.33,2.41,0.74,34.85,9.94,12.46,0.46,21.34,0.93,-1.8,51.5,68.6,78.3,32.6,24.56,19.26,7.41,7.39,无明显量化异常
23,BOOT,Apparel Retail,59.2,B-保留观察,待新做三件套,8.0,10.79,9.82,50.81,5.11,12.74,38.08,10.02,10.11,0.59,197.85,0.56,0.56,75.3,62.8,65.2,62.9,20.93,26.85,20.33,30.63,FCF/净利润低于70%
24,G,Data Processing & Outsourced Services,59.1,B-保留观察,待新做三件套,0.0,5.14,16.06,22.36,7.64,,36.04,10.88,10.2,0.69,10.93,1.31,-2.35,53.8,64.5,62.1,53.9,9.58,35.81,6.49,12.38,无明显量化异常
25,GIB,IT Consulting & Other Services,57.5,C-暂缓,待新做三件套,0.0,7.34,4.19,6.21,6.69,4.7,16.41,10.42,9.16,0.42,19.84,1.18,-2.88,55.0,55.1,59.7,63.5,12.44,33.87,5.52,8.21,无明显量化异常
26,GMED,Health Care Equipment,57.4,C-暂缓,待新做三件套,18.0,42.17,41.42,61.62,47.11,36.43,67.41,18.3,10.19,0.03,,1.08,3.98,89.3,80.2,61.8,60.4,18.86,20.21,30.08,39.37,季度增速异常，优先核查并购/处置/低基数；股数三年CAGR高于2%
27,TIMB,Wireless Telecommunication Services,51.8,C-暂缓,待新做三件套,0.0,7.34,37.17,13.62,12.74,14.8,53.93,16.2,7.61,0.69,2.99,2.06,-0.44,58.1,67.1,31.0,43.1,12.72,21.86,9.05,18.52,无明显量化异常
28,CVCO,Homebuilding,51.4,C-暂缓,待新做三件套,0.0,1.56,-7.47,1.51,6.62,3.96,23.47,8.49,13.15,0.03,453.31,1.22,-3.7,50.4,33.0,87.2,30.8,24.42,17.88,15.16,19.98,无明显量化异常
29,FIVE,Specialty Stores,51.3,C-暂缓,待新做三件套,12.0,15.7,11.1,23.03,,17.06,35.99,7.53,7.73,0.93,34.71,1.15,-0.19,90.7,59.0,52.8,34.8,24.93,21.43,19.41,23.79,季度增速异常，优先核查并购/处置/低基数
30,SBS,Water Utilities,50.8,C-暂缓,待新做三件套,15.0,19.98,39.44,28.21,12.95,-43.79,37.02,22.21,9.14,0.95,4.38,-0.64,-0.17,89.8,79.3,38.8,36.0,12.25,19.1,16.44,54.11,利润增长显著快于营收；FCF/净利润低于70%
31,ATAT,"Hotels, Resorts & Cruise Lines",49.8,C-暂缓,待新做三件套,25.0,62.94,154.71,91.52,37.03,69.29,44.26,16.56,19.02,0.42,557.11,1.18,1.59,65.1,83.4,80.6,67.7,17.04,24.49,44.27,107.59,季度增速异常，优先核查并购/处置/低基数；利润增长显著快于营收；ROE>40%，核查回购/低权益基数
32,MLI,Industrial Machinery,48.6,C-暂缓,待新做三件套,7.0,1.62,5.14,1.43,7.73,4.38,29.02,18.31,21.79,0.01,9374.72,0.9,-0.83,39.7,38.9,99.9,46.7,15.45,16.89,11.75,40.55,利润增长显著快于营收
33,MMS,Data Processing & Outsourced Services,43.5,C-暂缓,待新做三件套,12.0,5.46,16.11,14.0,-0.16,,24.55,5.87,7.78,0.86,6.29,1.15,-3.39,58.9,63.0,40.9,58.1,8.86,40.97,9.43,8.26,季度增速异常，优先核查并购/处置/低基数
34,CACI,Research & Consulting Services,40.9,C-暂缓,待新做三件套,10.0,11.63,10.87,-9.81,11.11,9.13,8.86,5.79,6.47,0.86,4.81,0.96,-2.07,73.0,33.5,27.0,81.1,19.09,32.28,8.57,9.23,经营现金流三年趋势为负
35,MU,Semiconductors,36.0,C-暂缓,待新做三件套,26.0,6.71,-0.57,4.9,14.55,7.83,39.79,22.84,11.22,0.28,21.24,0.2,0.85,58.0,39.3,83.2,79.9,19.25,32.02,11.76,26.02,季度增速异常，优先核查并购/处置/低基数；ROE>40%，核查回购/低权益基数；FCF/净利润低于70%
36,AEO,Apparel Retail,35.3,C-暂缓,待新做三件套,12.0,3.59,15.33,3.94,2.18,6.26,36.51,3.46,4.9,1.0,22.93,1.02,-4.68,52.6,42.4,36.4,64.7,10.86,38.55,8.09,11.48,季度增速异常，优先核查并购/处置/低基数
37,OSIS,Electronic Equipment & Instruments,35.2,C-暂缓,待新做三件套,16.0,13.13,9.06,15.22,39.59,6.84,34.27,8.73,7.16,0.68,6.92,0.37,-0.15,70.8,43.5,36.3,52.2,24.76,30.64,8.0,14.74,应收增速明显快于营收；FCF/净利润低于70%
38,SKHY,待识别,33.2,C-暂缓,待新做三件套,41.0,29.61,168.01,53.42,51.96,-3.02,60.41,44.18,29.0,0.21,55.63,0.58,0.68,76.3,66.7,95.9,48.9,22.01,21.81,24.95,55.27,季度增速异常，优先核查并购/处置/低基数；利润增长显著快于营收；ROE>40%，核查回购/低权益基数；应收增速明显快于营收；FCF/净利润低于70%
39,NXPI,Semiconductors,5.9,C-暂缓,待新做三件套,29.0,-2.42,-10.16,-10.21,3.2,13.08,54.74,16.47,7.93,1.22,6.71,1.13,-0.86,24.8,41.4,43.0,28.5,25.89,20.38,7.33,107.93,季度增速异常，优先核查并购/处置/低基数；利润增长显著快于营收；经营现金流三年趋势为负
